코드,회사명,시장
A060310,3S,코스닥
A095570,AJ네트웍스,유가증권시장
A006840,AK홀딩스,유가증권시장
A054620,APS,코스닥
A265520,AP시스템,코스닥
A211270,AP위성,코스닥
A027410,BGF,유가증권시장
A282330,BGF리테일,유가증권시장
A126600,BGF에코머티리얼즈,코스닥
A138930,BNK금융지주,유가증권시장
A001460,BYC,유가증권시장
A013720,CBI,코스닥
A083790,CG인바이츠,코스닥
A001040,CJ,유가증권시장
A079160,CJ CGV,유가증권시장
A035760,CJ ENM,코스닥
A311690,CJ 바이오사이언스,코스닥
A000120,CJ대한통운,유가증권시장
A011150,CJ씨푸드,유가증권시장
A097950,CJ제일제당,유가증권시장
A051500,CJ프레시웨이,코스닥
A058820,CMG제약,코스닥
A023460,CNH,코스닥
A056730,CNT85,코스닥
A000480,CR홀딩스,유가증권시장
A065770,CS,코스닥
A083660,CSA 코스믹,코스닥
A000590,CS홀딩스,유가증권시장
A012030,DB,유가증권시장
A404950,DB금융스팩10호,코스닥
A456440,DB금융스팩11호,코스닥
A367360,DB금융스팩9호,코스닥
A016610,DB금융투자,유가증권시장
A005830,DB손해보험,유가증권시장
A000990,DB하이텍,유가증권시장
A139130,DGB금융지주,유가증권시장
A060900,DGP,코스닥
A025440,DH오토웨어,코스닥
A001530,DI동일,유가증권시장
A000210,DL,유가증권시장
A001880,DL건설,유가증권시장
A375500,DL이앤씨,유가증권시장
A068790,DMS,코스닥
A007340,DN오토모티브,유가증권시장
A004840,DRB동일,유가증권시장
A241520,DSC인베스트먼트,코스닥
A065150,DSEN,코스닥
A155660,DSR,유가증권시장
A069730,DSR제강,유가증권시장
A180400,DXVX,코스닥
A017940,E1,유가증권시장
A245620,EDGC,코스닥
A037370,EG,코스닥
A278990,EMB,코넥스
A050120,ES큐브,코스닥
A383220,F&F,유가증권시장
A007700,F&F홀딩스,유가증권시장
A214270,FSN,코스닥
A130500,GH신소재,코스닥
A114090,GKL,유가증권시장
A900290,GRT,코스닥
A078930,GS,유가증권시장
A083450,GST,코스닥
A006360,GS건설,유가증권시장
A001250,GS글로벌,유가증권시장
A007070,GS리테일,유가증권시장
A066400,HANATOURIST,K-OTC
A297890,HB솔루션,코스닥
A078150,HB테크놀러지,코스닥
A012630,HDC,유가증권시장
A039570,HDC랩스,유가증권시장
A089470,HDC현대EP,유가증권시장
A294870,HDC현대산업개발,유가증권시장
A009540,HD한국조선해양,유가증권시장
A267250,HD현대,유가증권시장
A267270,HD현대건설기계,유가증권시장
A322000,HD현대에너지솔루션,유가증권시장
A042670,HD현대인프라코어,유가증권시장
A267260,HD현대일렉트릭,유가증권시장
A329180,HD현대중공업,유가증권시장
A097230,HJ중공업,유가증권시장
A195940,HK이노엔,코스닥
A134610,HK자산관리대부,K-OTC
A014790,HL D&I,유가증권시장
A028300,HLB,코스닥
A003580,HLB글로벌,유가증권시장
A278650,HLB바이오스텝,코스닥
A343090,HLB사이언스,코넥스
A067630,HLB생명과학,코스닥
A024850,HLB이노베이션,코스닥
A047920,HLB제약,코스닥
A115450,HLB테라퓨틱스,코스닥
A046210,HLB파나진,코스닥
A204320,HL만도,유가증권시장
A060980,HL홀딩스,유가증권시장
A011200,HMM,유가증권시장
A403870,HPSP,코스닥
A036640,HRS,코스닥
A082740,HSD엔진,유가증권시장
A035000,HS애드,유가증권시장
A405350,IBKS제17호스팩,코스닥
A426550,IBKS제19호스팩,코스닥
A439730,IBKS제20호스팩,코스닥
A442770,IBKS제21호스팩,코스닥
A448760,IBKS제22호스팩,코스닥
A104770,IBK투자증권,K-OTC
A003560,IHQ,유가증권시장
A095340,ISC,코스닥
A099520,ITX-AI,코스닥
A175330,JB금융지주,유가증권시장
A950170,JTC,코스닥
A234080,JW생명과학,유가증권시장
A067290,JW신약,코스닥
A001060,JW중외제약,유가증권시장
A096760,JW홀딩스,유가증권시장
A035900,JYP Ent.,코스닥
A318000,KBG,코스닥
A024840,KBI메탈,코스닥
A105560,KB금융,유가증권시장
A024120,KB오토시스,코스닥
A455250,KB제25호스팩,코스닥
A458320,KB제26호스팩,코스닥
A002380,KCC,유가증권시장
A021320,KCC건설,코스닥
A344820,KCC글라스,유가증권시장
A036670,KCI,코스닥
A009070,KCTC,유가증권시장
A009440,KC그린홀딩스,유가증권시장
A112190,KC산업,코넥스
A119650,KC코트렐,유가증권시장
A044180,KD,코스닥
A092220,KEC,유가증권시장
A151860,KG ETS,코스닥
A046440,KG모빌리언스,코스닥
A003620,KG모빌리티,유가증권시장
A016380,KG스틸,유가증권시장
A035600,KG이니시스,코스닥
A001390,KG케미칼,유가증권시장
A226360,KH 건설,코스닥
A111870,KH 전자,코스닥
A033180,KH 필룩스,유가증권시장
A060720,KH바텍,코스닥
A015590,KIB플러그에너지,유가증권시장
A001940,KISCO홀딩스,유가증권시장
A058400,KNN,코스닥
A025000,KPX케미칼,유가증권시장
A092230,KPX홀딩스,유가증권시장
A000040,KR모터스,유가증권시장
A044450,KSS해운,유가증권시장
A030200,KT,유가증권시장
A033780,KT&G,유가증권시장
A058850,KTcs,유가증권시장
A058860,KTis,유가증권시장
A122450,KX,코스닥
A052900,KX하이텍,코스닥
A376190,LB루셈,코스닥
A061970,LB세미콘,코스닥
A309960,LB인베스트먼트,코스닥
A093050,LF,유가증권시장
A003550,LG,유가증권시장
A034220,LG디스플레이,유가증권시장
A051900,LG생활건강,유가증권시장
A373220,LG에너지솔루션,유가증권시장
A032640,LG유플러스,유가증권시장
A011070,LG이노텍,유가증권시장
A066570,LG전자,유가증권시장
A037560,LG헬로비전,유가증권시장
A051910,LG화학,유가증권시장
A079550,LIG넥스원,유가증권시장
A006260,LS,유가증권시장
A010120,LS ELECTRIC,유가증권시장
A000680,LS네트웍스,유가증권시장
A060370,LS마린솔루션,코스닥
A104230,LS전선,K-OTC
A229640,LS전선아시아,유가증권시장
A108320,LX세미콘,유가증권시장
A001120,LX인터내셔널,유가증권시장
A108670,LX하우시스,유가증권시장
A383800,LX홀딩스,유가증권시장
A086960,MDS테크,코스닥
A023150,MH에탄올,유가증권시장
A038340,MIT,코스닥
A035420,NAVER,유가증권시장
A160550,NEW,코스닥
A053290,NE능률,코스닥
A181710,NHN,유가증권시장
A060250,NHN KCP,코스닥
A104200,NHN벅스,코스닥
A005940,NH투자증권,유가증권시장
A034310,NICE,유가증권시장
A030190,NICE평가정보,유가증권시장
A008260,NI스틸,유가증권시장
A004250,NPC,유가증권시장
A456040,OCI,유가증권시장
A010060,OCI홀딩스,유가증권시장
A178920,PI첨단소재,유가증권시장
A024940,PN풍년,코스닥
A005490,POSCO홀딩스,유가증권시장
A218410,RFHIC,코스닥
A327260,RF머트리얼즈,코스닥
A091340,S&K폴리텍,코스닥
A010950,S-Oil,유가증권시장
A419530,SAMG엔터,코스닥
A019550,SBI인베스트먼트,코스닥
A950110,SBI핀테크솔루션즈,코스닥
A034120,SBS,유가증권시장
A046140,SBS콘텐츠허브,코스닥
A151910,SBW생명과학,코스닥
A036120,SCI평가정보,코스닥
A099220,SDN,코스닥
A036540,SFA반도체,코스닥
A255220,SG,코스닥
A040610,SG&G,코스닥
A049470,SGA,코스닥
A184230,SGA솔루션즈,코스닥
A005090,SGC에너지,유가증권시장
A016250,SGC이테크건설,코스닥
A001380,SG글로벌,유가증권시장
A004060,SG세계물산,유가증권시장
A001970,SG신성건설,K-OTC
A001770,SHD,유가증권시장
A002360,SH에너지화학,유가증권시장
A009160,SIMPAC,유가증권시장
A123700,SJM,유가증권시장
A025530,SJM홀딩스,유가증권시장
A034730,SK,유가증권시장
A011790,SKC,유가증권시장
A018670,SK가스,유가증권시장
A001740,SK네트웍스,유가증권시장
A006120,SK디스커버리,유가증권시장
A210980,SK디앤디,유가증권시장
A068400,SK렌터카,유가증권시장
A302440,SK바이오사이언스,유가증권시장
A326030,SK바이오팜,유가증권시장
A402340,SK스퀘어,유가증권시장
A260870,SK시그넷,코넥스
A361610,SK아이이테크놀로지,유가증권시장
A003340,SK에코플랜트,K-OTC
A100090,SK오션플랜트,유가증권시장
A096770,SK이노베이션,유가증권시장
A001510,SK증권,유가증권시장
A285130,SK케미칼,유가증권시장
A017670,SK텔레콤,유가증권시장
A000660,SK하이닉스,유가증권시장
A048550,SM C&C,코스닥
A063440,SM Life Design,코스닥
A003570,SNT다이내믹스,유가증권시장
A064960,SNT모티브,유가증권시장
A100840,SNT에너지,유가증권시장
A036530,SNT홀딩스,유가증권시장
A005610,SPC삼립,유가증권시장
A011810,STX,유가증권시장
A465770,STX그린로지스,유가증권시장
A077970,STX엔진,유가증권시장
A071970,STX중공업,유가증권시장
A002820,SUN&L,유가증권시장
A289080,SV인베스트먼트,코스닥
A084870,TBH글로벌,유가증권시장
A002710,TCC스틸,유가증권시장
A089230,THE E&M,코스닥
A161570,THE MIDONG,코스닥
A032540,TJ미디어,코스닥
A022220,TKG애강,코스닥
A069260,TKG휴켐스,유가증권시장
A048770,TPC,코스닥
A246690,TS인베스트먼트,코스닥
A317240,TS트릴리온,코스닥
A002900,TYM,유가증권시장
A024070,WISCOM,유가증권시장
A057030,YBM넷,코스닥
A037270,YG PLUS,유가증권시장
A040300,YTN,코스닥
A051390,YW,코스닥
A052220,iMBC,코스닥
A079940,가비아,코스닥
A078890,가온그룹,코스닥
A000500,가온전선,유가증권시장
A399720,가온칩스,코스닥
A296520,가이아코퍼레이션,코넥스
A036620,감성코퍼레이션,코스닥
A000860,강남제비스코,유가증권시장
A217730,강스템바이오텍,코스닥
A035250,강원랜드,유가증권시장
A114190,강원에너지,코스닥
A094480,갤럭시아머니트리,코스닥
A011420,갤럭시아에스엠,유가증권시장
A000800,경남기업,K-OTC
A039240,경남스틸,코스닥
A053950,경남제약,코스닥
A002100,경농,유가증권시장
A009450,경동나비엔,유가증권시장
A267290,경동도시가스,유가증권시장
A012320,경동인베스트,유가증권시장
A011040,경동제약,코스닥
A000050,경방,유가증권시장
A214390,경보제약,유가증권시장
A012610,경인양행,유가증권시장
A009140,경인전자,유가증권시장
A024910,경창산업,코스닥
A013580,계룡건설,유가증권시장
A012200,계양전기,유가증권시장
A002140,고려산업,유가증권시장
A198440,고려시멘트,코스닥
A049720,고려신용정보,코스닥
A010130,고려아연,유가증권시장
A002240,고려제강,유가증권시장
A014570,고려제약,코스닥
A348150,고바이오랩,코스닥
A950190,고스트스튜디오,코스닥
A098460,고영,코스닥
A035290,골드앤에스,코스닥
A123900,골든블루,K-OTC
A900280,골든센츄리,코스닥
A215000,골프존,코스닥
A121440,골프존뉴딘홀딩스,코스닥
A183410,골프존데카,코넥스
A068750,곰앤컴퍼니,K-OTC
A366030,공구우먼,코스닥
A076340,관악산업,코넥스
A009290,광동제약,유가증권시장
A014200,광림,코스닥
A017040,광명전기,유가증권시장
A029480,광무,코스닥
A017900,광전자,유가증권시장
A037710,광주신세계,유가증권시장
A026910,광진실업,코스닥
A397880,교보11호스팩,코스닥
A421800,교보12호스팩,코스닥
A440790,교보13호스팩,코스닥
A456490,교보14호스팩,코스닥
A030610,교보증권,유가증권시장
A201150,교육혁명,K-OTC
A339770,교촌에프앤비,유가증권시장
A053270,구영테크,코스닥
A007690,국도화학,유가증권시장
A005320,국동,유가증권시장
A001140,국보,유가증권시장
A066620,국보디자인,코스닥
A043650,국순당,코스닥
A006050,국영지앤엠,코스닥
A060480,국일신동,코스닥
A078130,국일제지,코스닥
A307750,국전약품,코스닥
A002720,국제약품,유가증권시장
A243870,굿센,코넥스
A035080,그래디언트,코스닥
A204020,그리티,코스닥
A114450,그린생명과학,코스닥
A083420,그린케미칼,유가증권시장
A186230,그린플러스,코스닥
A014530,극동유화,유가증권시장
A900070,글로벌에스엠,코스닥
A204620,글로벌텍스프리,코스닥
A019660,글로본,코스닥
A014280,금강공업,유가증권시장
A053260,금강철강,코스닥
A008870,금비,유가증권시장
A001570,금양,유가증권시장
A282720,금양그린파워,코스닥
A002990,금호건설,유가증권시장
A011780,금호석유,유가증권시장
A214330,금호에이치티,유가증권시장
A001210,금호전기,유가증권시장
A073240,금호타이어,유가증권시장
A036190,금화피에스시,코스닥
A049080,기가레인,코스닥
A420770,기가비스,코스닥
A035460,기산텔레콤,코스닥
A092440,기신정기,유가증권시장
A000270,기아,유가증권시장
A024110,기업은행,유가증권시장
A456700,길교이앤씨,코넥스
A013700,까뮤이앤씨,유가증권시장
A308100,까스텔바작,코스닥
A004540,깨끗한나라,유가증권시장
A407400,꿈비,코스닥
A187790,나노,코스닥
A286750,나노브릭,코스닥
A121600,나노신소재,코스닥
A247660,나노씨엠에스,코스닥
A039860,나노엔텍,코스닥
A091970,나노캠텍,코스닥
A417010,나노팀,코스닥
A244880,나눔테크,코넥스
A405920,나라셀라,코스닥
A288490,나라소프트,코넥스
A051490,나라엠앤디,코스닥
A137080,나래나노텍,코스닥
A190510,나무가,코스닥
A242040,나무기술,코스닥
A089600,나스미디어,코스닥
A293580,나우IB,코스닥
A257990,나우코스,코넥스
A138610,나이벡,코스닥
A130580,나이스디앤비,코스닥
A036800,나이스정보통신,코스닥
A267320,나인테크,코스닥
A001260,남광토건,유가증권시장
A008350,남선알미늄,유가증권시장
A004270,남성,유가증권시장
A003920,남양유업,유가증권시장
A025860,남해화학,유가증권시장
A111710,남화산업,코스닥
A091590,남화토건,코스닥
A079180,내일신문,K-OTC
A168330,내츄럴엔도텍,코스닥
A094860,네오리진,코스닥
A253590,네오셈,코스닥
A212560,네오오토,코스닥
A095660,네오위즈,코스닥
A042420,네오위즈홀딩스,코스닥
A950220,네오이뮨텍,코스닥
A311390,네오크레마,코스닥
A085910,네오티스,코스닥
A092730,네오팜,코스닥
A290660,네오펙트,코스닥
A306620,네온테크,코스닥
A153460,네이블,코스닥
A007390,네이처셀,코스닥
A033640,네패스,코스닥
A330860,네패스아크,코스닥
A005720,넥센,유가증권시장
A002350,넥센타이어,유가증권시장
A089140,넥스턴바이오,코스닥
A137940,넥스트아이,코스닥
A396270,넥스트칩,코스닥
A348210,넥스틴,코스닥
A092790,넥스틸,유가증권시장
A225570,넥슨게임즈,코스닥
A217270,넵튠,코스닥
A251270,넷마블,유가증권시장
A298420,넷마블네오,K-OTC
A317860,노드메이슨,코넥스
A104620,노랑풍선,코스닥
A090350,노루페인트,유가증권시장
A000320,노루홀딩스,유가증권시장
A194700,노바렉스,코스닥
A285490,노바텍,코스닥
A283100,노보믹스,코넥스
A229500,노브메타파마,코넥스
A106520,노블엠앤비,코스닥
A376930,노을,코스닥
A006280,녹십자,유가증권시장
A142280,녹십자엠에스,코스닥
A234690,녹십자웰빙,코스닥
A005250,녹십자홀딩스,유가증권시장
A065560,녹원씨엔아이,코스닥
A004370,농심,유가증권시장
A072710,농심홀딩스,유가증권시장
A054050,농우바이오,코스닥
A069140,누리플랜,코스닥
A040160,누리플렉스,코스닥
A332290,누보,코스닥
A348340,뉴로메카,코스닥
A060260,뉴보텍,코스닥
A012340,뉴인텍,코스닥
A074750,뉴젠팜,K-OTC
A227680,뉴젠홀딩스,K-OTC
A214870,뉴지랩파마,코스닥
A270870,뉴트리,코스닥
A144960,뉴파워프라즈마,코스닥
A085670,뉴프렉스,코스닥
A064260,다날,코스닥
A340360,다보링크,코스닥
A015150,다산,K-OTC
A039560,다산네트웍스,코스닥
A154040,다산솔루에타,코스닥
A058730,다스코,유가증권시장
A030210,다올투자증권,유가증권시장
A023590,다우기술,유가증권시장
A032190,다우데이타,코스닥
A323350,다원넥스뷰,코넥스
A068240,다원시스,코스닥
A145210,다이나믹디자인,유가증권시장
A019680,대교,유가증권시장
A006370,대구백화점,유가증권시장
A008060,대덕,유가증권시장
A353200,대덕전자,유가증권시장
A000490,대동,유가증권시장
A178600,대동고려삼,코넥스
A020400,대동금속,코스닥
A008830,대동기어,코스닥
A012350,대동모빌리티,K-OTC
A048470,대동스틸,코스닥
A008110,대동전자,유가증권시장
A004780,대륙제관,코스닥
A005750,대림B&Co,유가증권시장
A017650,대림제지,코스닥
A006570,대림통상,유가증권시장
A007720,대명소노시즌,코스닥
A389260,대명에너지,코스닥
A317850,대모,코스닥
A026970,대백저축은행,K-OTC
A290670,대보마그네틱,코스닥
A078140,대봉엘에스,코스닥
A001680,대상,유가증권시장
A084690,대상홀딩스,유가증권시장
A036480,대성미생물,코스닥
A128820,대성산업,유가증권시장
A117580,대성에너지,유가증권시장
A027830,대성창투,코스닥
A104040,대성파인텍,코스닥
A129920,대성하이텍,코스닥
A016710,대성홀딩스,유가증권시장
A438220,대신밸런스제13호스팩,코스닥
A442310,대신밸런스제14호스팩,코스닥
A457390,대신밸런스제15호스팩,코스닥
A457630,대신밸런스제16호스팩,코스닥
A020180,대신정보통신,코스닥
A003540,대신증권,유가증권시장
A045390,대아티아이,코스닥
A009190,대양금속,유가증권시장
A108380,대양전기공업,코스닥
A006580,대양제지,코스닥
A252980,대영씨엔이,K-OTC
A014160,대영포장,유가증권시장
A047040,대우건설,유가증권시장
A009320,대우부품,유가증권시장
A140320,대우산업개발,K-OTC
A003090,대웅,유가증권시장
A069620,대웅제약,유가증권시장
A007680,대원,코스닥
A000430,대원강업,유가증권시장
A048910,대원미디어,코스닥
A005710,대원산업,코스닥
A006340,대원전선,유가증권시장
A003220,대원제약,유가증권시장
A024890,대원화성,유가증권시장
A290380,대유,코스닥
A002880,대유에이텍,유가증권시장
A290120,대유에이피,코스닥
A000300,대유플러스,유가증권시장
A120240,대정화금,코스닥
A003310,대주산업,코스닥
A114920,대주이엔티,코넥스
A078600,대주전자재료,코스닥
A008340,대주코레스,K-OTC
A012800,대창,유가증권시장
A015230,대창단조,유가증권시장
A096350,대창솔루션,코스닥
A140520,대창스틸,코스닥
A131220,대한과학,코스닥
A010170,대한광통신,코스닥
A054670,대한뉴팜,코스닥
A001070,대한방직,유가증권시장
A023910,대한약품,코스닥
A006650,대한유화,유가증권시장
A001440,대한전선,유가증권시장
A084010,대한제강,유가증권시장
A001790,대한제당,유가증권시장
A001130,대한제분,유가증권시장
A003490,대한항공,유가증권시장
A005880,대한해운,유가증권시장
A003830,대한화섬,유가증권시장
A016090,대현,유가증권시장
A069460,대호에이엘,유가증권시장
A021040,대호특수강,코스닥
A067080,대화제약,코스닥
A298540,더네이쳐홀딩스,코스닥
A032860,더라미,코스닥
A192080,더블유게임즈,유가증권시장
A393890,더블유씨피,코스닥
A299170,더블유에스아이,코스닥
A065310,더스텔라,K-OTC
A012510,더존비즈온,유가증권시장
A072700,더존홀딩스,K-OTC
A224060,더코디,코스닥
A302920,더콘텐츠온,코넥스
A213420,덕산네오룩스,코스닥
A317330,덕산테코피아,코스닥
A077360,덕산하이메탈,코스닥
A004830,덕성,유가증권시장
A090410,덕신하우징,코스닥
A024900,덕양산업,유가증권시장
A263600,덕우전자,코스닥
A194480,데브시스터즈,코스닥
A263800,데이타솔루션,코스닥
A199150,데이터스트림즈,코넥스
A206560,덱스터,코스닥
A261200,덴티스,코스닥
A145720,덴티움,유가증권시장
A227420,도부마스크,코넥스
A067990,도이치모터스,코스닥
A002150,도화엔지니어링,유가증권시장
A006620,동구바이오제약,코스닥
A100130,동국S&C,코스닥
A005160,동국산업,코스닥
A460850,동국씨엠,유가증권시장
A075970,동국알앤에스,코스닥
A460860,동국제강,유가증권시장
A086450,동국제약,코스닥
A001230,동국홀딩스,유가증권시장
A023450,동남합성,유가증권시장
A222070,동명스틸,K-OTC
A004140,동방,유가증권시장
A099410,동방선기,코스닥
A007590,동방아그로,유가증권시장
A005960,동부건설,유가증권시장
A026960,동서,유가증권시장
A002210,동성제약,유가증권시장
A102260,동성케미컬,유가증권시장
A033500,동성화인텍,코스닥
A025950,동신건설,코스닥
A012760,동아,K-OTC
A000640,동아쏘시오홀딩스,유가증권시장
A170900,동아에스티,유가증권시장
A088130,동아엘텍,코스닥
A028100,동아지질,유가증권시장
A282690,동아타이어,유가증권시장
A041930,동아화성,코스닥
A001520,동양,유가증권시장
A005900,동양건설산업,K-OTC
A084670,동양고속,유가증권시장
A082640,동양생명,유가증권시장
A060380,동양에스텍,코스닥
A079960,동양이엔피,코스닥
A008970,동양철관,유가증권시장
A228340,동양파일,코스닥
A092780,동양피스톤,유가증권시장
A105700,동우당제약,K-OTC
A088910,동우팜투테이블,코스닥
A094170,동운아나텍,코스닥
A049770,동원F&B,유가증권시장
A013120,동원개발,코스닥
A018500,동원금속,유가증권시장
A006040,동원산업,유가증권시장
A030720,동원수산,유가증권시장
A014820,동원시스템즈,유가증권시장
A163560,동일고무벨트,유가증권시장
A109860,동일금속,코스닥
A032960,동일기연,코스닥
A004890,동일산업,유가증권시장
A002690,동일제강,유가증권시장
A023790,동일철강,코스닥
A026710,동진건설,K-OTC
A005290,동진쎄미켐,코스닥
A025900,동화기업,코스닥
A000020,동화약품,유가증권시장
A136790,동화일렉트로라이트,K-OTC
A433990,두루안,K-OTC
A000150,두산,유가증권시장
A454910,두산로보틱스,유가증권시장
A241560,두산밥캣,유가증권시장
A034020,두산에너빌리티,유가증권시장
A131970,두산테스나,코스닥
A336260,두산퓨얼셀,유가증권시장
A016740,두올,유가증권시장
A013900,두원중공업,K-OTC
A073190,듀오백,코스닥
A176750,듀켐바이오,코넥스
A030350,드래곤플라이,코스닥
A035430,드림라인,K-OTC
A203650,드림시큐리티,코스닥
A223250,드림씨아이에스,코스닥
A060570,드림어스컴퍼니,코스닥
A043500,드림텍,K-OTC
A192650,드림텍,유가증권시장
A184560,디더블유미디어홀딩스,K-OTC
A217620,디딤이앤에프,코스닥
A016670,디모아,코스닥
A187870,디바이스이엔지,코스닥
A101910,디비메탈,K-OTC
A066670,디스플레이텍,코스닥
A024090,디씨엠,유가증권시장
A003160,디아이,유가증권시장
A092200,디아이씨,유가증권시장
A110990,디아이티,코스닥
A263690,디알젬,코스닥
A214680,디알텍,코스닥
A263720,디앤씨미디어,코스닥
A376300,디어유,코스닥
A141020,디에스앤엘,코스닥
A109740,디에스케이,코스닥
A196490,디에이테크놀로지,코스닥
A066900,디에이피,코스닥
A127120,디엔에이링크,코스닥
A092070,디엔에프,코스닥
A039840,디오,코스닥
A013570,디와이,유가증권시장
A219550,디와이디,코스닥
A310870,디와이씨,코스닥
A210540,디와이파워,유가증권시장
A104460,디와이피엔에프,코스닥
A079810,디이엔티,코스닥
A113810,디젠스,코스닥
A043360,디지아이,코스닥
A197140,디지캡,코스닥
A068930,디지털대성,코스닥
A033130,디지틀조선,코스닥
A105740,디케이락,코스닥
A263020,디케이앤디,코스닥
A290550,디케이티,코스닥
A187220,디티앤씨,코스닥
A383930,디티앤씨알오,코스닥
A163430,디피코,코넥스
A131180,딜리,코스닥
A315640,딥노이드,코스닥
A317120,라닉스,코스닥
A042510,라온시큐어,코스닥
A232680,라온테크,코스닥
A418420,라온텍,코스닥
A300120,라온피플,코스닥
A171120,라이온켐텍,코스닥
A388790,라이콤,코스닥
A069540,라이트론,코스닥
A347700,라이프시맨틱스,코스닥
A214260,라파스,코스닥
A403360,라피치,코넥스
A115390,락앤락,유가증권시장
A200350,래몽래인,코스닥
A171010,램테크놀러지,코스닥
A084650,랩지노믹스,코스닥
A366130,랩토,K-OTC
A217500,러셀,코스닥
A092590,럭스피아,코넥스
A141080,레고켐바이오,코스닥
A038390,레드캡투어,코스닥
A294140,레몬,코스닥
A443250,레뷰코퍼레이션,코스닥
A228670,레이,코스닥
A228850,레이언스,코스닥
A412350,레이저쎌,코스닥
A281740,레이크머티리얼즈,코스닥
A277810,레인보우로보틱스,코스닥
A179720,렌딩머신,코넥스
A215100,로보로보,코스닥
A090360,로보스타,코스닥
A238500,로보쓰리에이아이앤로보틱스,코넥스
A108490,로보티즈,코스닥
A900260,로스웰,코스닥
A223220,로지스몬,코넥스
A067730,로지시스,코스닥
A071280,로체시스템즈,코스닥
A032350,롯데관광개발,유가증권시장
A040830,롯데글로벌로지스,K-OTC
A089860,롯데렌탈,유가증권시장
A000400,롯데손해보험,유가증권시장
A023530,롯데쇼핑,유가증권시장
A020150,롯데에너지머티리얼즈,유가증권시장
A280360,롯데웰푸드,유가증권시장
A004000,롯데정밀화학,유가증권시장
A286940,롯데정보통신,유가증권시장
A004990,롯데지주,유가증권시장
A005300,롯데칠성,유가증권시장
A011170,롯데케미칼,유가증권시장
A071840,롯데하이마트,유가증권시장
A328130,루닛,코스닥
A038060,루멘스,코스닥
A162120,루켄테크놀러지스,코넥스
A253610,루트락,코넥스
A060240,룽투코리아,코스닥
A058470,리노공업,코스닥
A039980,리노스,코스닥
A019570,리더스 기술투자,코스닥
A016100,리더스코스메틱,코스닥
A328270,리독스바이오,K-OTC
A012700,리드코프,코스닥
A302550,리메드,코스닥
A073570,리튬포어스,코스닥
A377450,리파인,코스닥
A277070,린드먼아시아,코스닥
A042500,링네트,코스닥
A219420,링크제니시스,코스닥
A439090,마녀공장,코스닥
A027740,마니커,유가증권시장
A195500,마니커에프앤지,코스닥
A363170,마더스제약,K-OTC
A377480,마음AI,코스닥
A050480,마이다스IT,K-OTC
A316640,마이지놈박스,K-OTC
A305090,마이크로디지탈,코스닥
A448780,마이크로엔엑스,코넥스
A098120,마이크로컨텍솔,코스닥
A424980,마이크로투나노,코스닥
A038290,마크로젠,코스닥
A001080,만호제강,유가증권시장
A078060,매일방송,K-OTC
A267980,매일유업,코스닥
A005990,매일홀딩스,코스닥
A093520,매커스,코스닥
A377030,맥스트,코스닥
A100590,머큐리,코스닥
A067280,멀티캠퍼스,코스닥
A072870,메가스터디,코스닥
A215200,메가스터디교육,코스닥
A133750,메가엠디,코스닥
A102600,메가젠임플란트,K-OTC
A235980,메드팩토,코스닥
A200580,메디쎄이,코넥스
A041920,메디아나,코스닥
A233250,메디안디노스틱,코넥스
A014100,메디앙스,코스닥
A236340,메디젠휴먼케어,코넥스
A054180,메디콕스,코스닥
A086900,메디톡스,코스닥
A078160,메디포스트,코스닥
A065650,메디프론,코스닥
A138040,메리츠금융지주,유가증권시장
A408920,메쎄이상,코스닥
A021880,메이슨캐피탈,코스닥
A140410,메지온,코스닥
A241770,메카로,코스닥
A090370,메타랩스,유가증권시장
A059210,메타바이오메드,코스닥
A058110,멕아이씨에스,코스닥
A017180,명문제약,유가증권시장
A009900,명신산업,유가증권시장
A012690,모나리자,유가증권시장
A005360,모나미,유가증권시장
A434480,모니터랩,코스닥
A080420,모다이노칩,코스닥
A417970,모델솔루션,코스닥
A080160,모두투어,코스닥
A087260,모바일어플라이언스,코스닥
A101330,모베이스,코스닥
A012860,모베이스전자,코스닥
A363260,모비데이즈,코스닥
A348030,모비릭스,코스닥
A250060,모비스,코스닥
A288980,모아데이타,코스닥
A033200,모아텍,코스닥
A333050,모코엠시스,코스닥
A009680,모토닉,유가증권시장
A118990,모트렉스,코스닥
A006920,모헨즈,코스닥
A009580,무림P&P,유가증권시장
A001810,무림SP,코스닥
A009200,무림페이퍼,유가증권시장
A322970,무진메디,코넥스
A033920,무학,유가증권시장
A008420,문배철강,유가증권시장
A279600,미디어젠,코스닥
A080640,미라콤아이앤씨,K-OTC
A095500,미래나노텍,코스닥
A254490,미래반도체,코스닥
A025560,미래산업,유가증권시장
A218150,미래생명자원,코스닥
A007120,미래아이앤지,유가증권시장
A442900,미래에셋드림스팩1호,코스닥
A100790,미래에셋벤처투자,코스닥
A412930,미래에셋비전스팩1호,코스닥
A446190,미래에셋비전스팩2호,코스닥
A448830,미래에셋비전스팩3호,코스닥
A085620,미래에셋생명,유가증권시장
A006800,미래에셋증권,유가증권시장
A208890,미래엔에듀파트너,코넥스
A049950,미래컴퍼니,코스닥
A258000,미로,K-OTC
A207760,미스터블루,코스닥
A002840,미원상사,유가증권시장
A268280,미원에스씨,유가증권시장
A107590,미원홀딩스,유가증권시장
A134380,미원화학,유가증권시장
A351020,미쥬,코넥스
A003650,미창석유,유가증권시장
A059090,미코,코스닥
A214610,미코바이오메드,코스닥
A201490,미투온,코스닥
A418470,밀리의서재,코스닥
A206640,바디텍메드,코스닥
A018700,바른손,코스닥
A035620,바른손이앤에이,코스닥
A354390,바스칸바이오제약,코넥스
A053030,바이넥스,코스닥
A301300,바이브컴퍼니,코스닥
A377740,바이오노트,유가증권시장
A064550,바이오니아,코스닥
A314930,바이오다인,코스닥
A208710,바이오로그디바이스,코스닥
A086820,바이오솔루션,코스닥
A038460,바이오스마트,코스닥
A298210,바이오스펙트럼,K-OTC
A251120,바이오에프디엔씨,코스닥
A199730,바이오인프라,코스닥
A266470,바이오인프라생명과학,코넥스
A289170,바이오텐,코넥스
A429600,바이오템,K-OTC
A086040,바이오톡스텍,코스닥
A199290,바이오프로테크,코넥스
A099430,바이오플러스,코스닥
A032980,바이온,코스닥
A222160,바이옵트로,코스닥
A308080,바이젠셀,코스닥
A043150,바텍,코스닥
A323990,박셀바이오,코스닥
A003610,방림,유가증권시장
A267790,배럴,코스닥
A001340,백광산업,유가증권시장
A046310,백금T&A,코스닥
A035150,백산,유가증권시장
A331520,밸로프,코스닥
A438700,버넥트,코스닥
A066410,버킷스튜디오,코스닥
A002410,범양건영,유가증권시장
A002480,범양사,K-OTC
A382900,범한퓨얼셀,코스닥
A206400,베노티앤알,코스닥
A019010,베뉴지,코스닥
A322190,베른,코넥스
A177350,베셀,코스닥
A299910,베스파,코스닥
A424760,벨로크,코스닥
A007210,벽산,유가증권시장
A225530,보광산업,코스닥
A250000,보라티알,코스닥
A002760,보락,유가증권시장
A003850,보령,유가증권시장
A310210,보로노이,코스닥
A006910,보성파워텍,코스닥
A237010,보아스에셋,K-OTC
A000890,보해양조,유가증권시장
A226340,본느,코스닥
A206950,볼빅,코넥스
A003000,부광약품,유가증권시장
A001270,부국증권,유가증권시장
A026940,부국철강,유가증권시장
A014470,부방,코스닥
A011390,부산산업,유가증권시장
A005030,부산주공,유가증권시장
A008470,부스타,코스닥
A228350,불스원,K-OTC
A338220,뷰노,코스닥
A100120,뷰웍스,코스닥
A406820,뷰티스킨,코스닥
A337930,브랜드엑스코퍼레이션,코스닥
A099390,브레인즈컴퍼니,코스닥
A064480,브리지텍,코스닥
A288330,브릿지바이오테라퓨틱스,코스닥
A365900,브이씨,코스닥
A251630,브이원텍,코스닥
A018290,브이티,코스닥
A044480,블레이드 Ent,코스닥
A033560,블루콤,코스닥
A191600,블루탑,코넥스
A369370,블리츠웨이,코스닥
A126340,비나텍,코스닥
A121800,비덴트,코스닥
A148140,비디아이,코스닥
A276620,비보존,K-OTC
A082800,비보존 제약,코스닥
A318410,비비씨,코스닥
A002070,비비안,유가증권시장
A100220,비상교육,유가증권시장
A419540,비스토스,코스닥
A146320,비씨엔씨,코스닥
A200780,비씨월드제약,코스닥
A141000,비아트론,코스닥
A090460,비에이치,유가증권시장
A083650,비에이치아이,코스닥
A445360,비엔케이제1호스팩,코스닥
A142760,비엘,코스닥
A065170,비엘팜텍,코스닥
A086220,비엘헬스케어,코넥스
A086670,비엠티,코스닥
A335890,비올,코스닥
A138580,비즈니스온,코스닥
A082920,비츠로셀,코스닥
A054220,비츠로시스,코스닥
A042370,비츠로테크,코스닥
A030790,비케이탑스,유가증권시장
A050090,비케이홀딩스,코스닥
A307870,비투엔,코스닥
A357880,비트나인,코스닥
A066870,비트로시스 농업회사법인,K-OTC
A032850,비트컴퓨터,코스닥
A148780,비플라이소프트,코스닥
A238200,비피도,코스닥
A093190,빅솔론,코스닥
A065450,빅텍,코스닥
A210120,빅텐츠,코스닥
A005180,빙그레,유가증권시장
A072950,빛샘전자,코스닥
A266170,뿌리깊은나무들,코넥스
A143240,사람인,코스닥
A280140,사우스케이프,K-OTC
A274460,사운드백신,K-OTC
A003960,사조대림,유가증권시장
A008040,사조동아원,유가증권시장
A007160,사조산업,유가증권시장
A014710,사조씨푸드,유가증권시장
A006090,사조오양,유가증권시장
A419120,산돌,코스닥
A122350,삼기,코스닥
A419050,삼기이브이,코스닥
A014970,삼륭물산,코스닥
A018310,삼목에스폼,코스닥
A002580,삼미,K-OTC
A012210,삼미금속,코넥스
A053700,삼보모터스,코스닥
A009620,삼보산업,코스닥
A070080,삼보오토,K-OTC
A161990,삼보컴퓨터,K-OTC
A023600,삼보판지,코스닥
A001470,삼부토건,유가증권시장
A006400,삼성SDI,유가증권시장
A006660,삼성공조,유가증권시장
A380320,삼성머스트스팩5호,코스닥
A018360,삼성메디슨,K-OTC
A028260,삼성물산,유가증권시장
A207940,삼성바이오로직스,유가증권시장
A032830,삼성생명,유가증권시장
A377630,삼성스팩4호,코스닥
A425290,삼성스팩6호,코스닥
A439250,삼성스팩7호,코스닥
A448740,삼성스팩8호,코스닥
A018260,삼성에스디에스,유가증권시장
A028050,삼성엔지니어링,유가증권시장
A009150,삼성전기,유가증권시장
A005930,삼성전자,유가증권시장
A001360,삼성제약,유가증권시장
A010140,삼성중공업,유가증권시장
A016360,삼성증권,유가증권시장
A068290,삼성출판사,유가증권시장
A029780,삼성카드,유가증권시장
A000810,삼성화재,유가증권시장
A006110,삼아알미늄,유가증권시장
A009300,삼아제약,코스닥
A145990,삼양사,유가증권시장
A003230,삼양식품,유가증권시장
A225190,삼양옵틱스,코스닥
A002170,삼양통상,유가증권시장
A272550,삼양패키징,유가증권시장
A000070,삼양홀딩스,유가증권시장
A003720,삼영,유가증권시장
A002810,삼영무역,유가증권시장
A361670,삼영에스앤씨,코스닥
A054540,삼영엠텍,코스닥
A065570,삼영이엔씨,코스닥
A005680,삼영전자,유가증권시장
A023000,삼원강재,유가증권시장
A004380,삼익THK,유가증권시장
A002450,삼익악기,유가증권시장
A032280,삼일,코스닥
A002290,삼일기업공사,코스닥
A004440,삼일씨엔에스,유가증권시장
A000520,삼일제약,유가증권시장
A009770,삼정펄프,유가증권시장
A066190,삼중테크,K-OTC
A037460,삼지전자,코스닥
A032750,삼진,코스닥
A054090,삼진엘앤디,코스닥
A005500,삼진제약,유가증권시장
A000250,삼천당제약,코스닥
A004690,삼천리,유가증권시장
A024950,삼천리자전거,코스닥
A038500,삼표시멘트,코스닥
A017480,삼현철강,코스닥
A010960,삼호개발,유가증권시장
A046390,삼화네트웍스,코스닥
A004450,삼화왕관,유가증권시장
A009470,삼화전기,유가증권시장
A011230,삼화전자,유가증권시장
A001820,삼화콘덴서,유가증권시장
A000390,삼화페인트,유가증권시장
A027580,상보,코스닥
A038540,상상인,코스닥
A101000,상상인인더스트리,코스닥
A415580,상상인제3호스팩,코스닥
A452670,상상인제4호스팩,코스닥
A001290,상상인증권,유가증권시장
A041650,상신브레이크,유가증권시장
A091580,상신이디피,코스닥
A263810,상신전자,코스닥
A089980,상아프론테크,코스닥
A042940,상지카일룸,코스닥
A042600,새로닉스,코스닥
A075180,새론오토모티브,유가증권시장
A107600,새빗켐,코스닥
A411080,샌즈랩,코스닥
A252990,샘씨엔에스,코스닥
A007540,샘표,유가증권시장
A248170,샘표식품,유가증권시장
A378800,샤페론,코스닥
A003260,서광,K-OTC
A294630,서남,코스닥
A038070,서린바이오,코스닥
A006730,서부T&D,코스닥
A079650,서산,코스닥
A100660,서암기계공업,코스닥
A007860,서연,유가증권시장
A200880,서연이화,유가증권시장
A019770,서연탑메탈,코스닥
A017390,서울가스,유가증권시장
A279000,서울개인택시복지법인,K-OTC
A043710,서울리거,코스닥
A092190,서울바이오시스,코스닥
A046890,서울반도체,코스닥
A004410,서울식품,유가증권시장
A063170,서울옥션,코스닥
A027040,서울전자통신,코스닥
A018680,서울제약,코스닥
A021050,서원,유가증권시장
A093920,서원인텍,코스닥
A189860,서전기전,코스닥
A178320,서진시스템,코스닥
A122690,서진오토모티브,코스닥
A070340,서진캠,K-OTC
A140070,서플러스글로벌,코스닥
A011370,서한,코스닥
A065710,서호전기,코스닥
A008490,서흥,유가증권시장
A035890,서희건설,코스닥
A357550,석경에이티,코스닥
A003100,선광,코스닥
A007610,선도전기,유가증권시장
A067370,선바이오,코스닥
A171090,선익시스템,코스닥
A136490,선진,유가증권시장
A086710,선진뷰티사이언스,코스닥
A014620,성광벤드,코스닥
A037350,성도이엔지,코스닥
A014910,성문전자,유가증권시장
A003080,성보화학,유가증권시장
A004980,성신양회,유가증권시장
A011300,성안,유가증권시장
A081580,성우전자,코스닥
A045300,성우테크론,코스닥
A015750,성우하이텍,코스닥
A015200,성원,K-OTC
A365340,성일하이텍,코스닥
A000180,성창기업지주,유가증권시장
A080470,성창오토텍,코스닥
A043260,성호전자,코스닥
A148150,세경하이테크,코스닥
A002420,세기상사,유가증권시장
A053060,세동,코스닥
A340440,세림B&G,코스닥
A042380,세메스,K-OTC
A017510,세명전기,코스닥
A004360,세방,유가증권시장
A004490,세방전지,유가증권시장
A011560,세보엠이씨,코스닥
A396300,세아메카닉스,코스닥
A001430,세아베스틸지주,유가증권시장
A306200,세아제강,유가증권시장
A003030,세아제강지주,유가증권시장
A019440,세아특수강,유가증권시장
A058650,세아홀딩스,유가증권시장
A013000,세우글로벌,유가증권시장
A100700,세운메디칼,코스닥
A024830,세원물산,코스닥
A091090,세원이앤씨,유가증권시장
A021820,세원정공,유가증권시장
A067830,세이브존I&C,유가증권시장
A033530,세종공업,유가증권시장
A258830,세종메디칼,코스닥
A036630,세종텔레콤,코스닥
A039310,세중,코스닥
A075580,세진중공업,유가증권시장
A067770,세진티에스,코스닥
A053450,세코닉스,코스닥
A222810,세토피아,코스닥
A252500,세화피앤씨,코스닥
A321370,센서뷰,코스닥
A347000,센코,코스닥
A331920,셀레믹스,코스닥
A049180,셀루메드,코스닥
A299660,셀리드,코스닥
A268600,셀리버리,코스닥
A108860,셀바스AI,코스닥
A208370,셀바스헬스케어,코스닥
A318160,셀바이오휴먼텍,코스닥
A179690,셀인바이오,K-OTC
A258250,셀젠텍,코넥스
A068270,셀트리온,유가증권시장
A068760,셀트리온제약,코스닥
A091990,셀트리온헬스케어,코스닥
A068940,셀피글로벌,코스닥
A060230,소니드,코스닥
A290690,소룩스,코스닥
A950200,소마젠,코스닥
A032680,소프트센,코스닥
A258790,소프트캠프,코스닥
A066910,손오공,코스닥
A043100,솔고바이오,코스닥
A336370,솔루스첨단소재,유가증권시장
A248070,솔루엠,유가증권시장
A035610,솔본,코스닥
A357780,솔브레인,코스닥
A036830,솔브레인홀딩스,코스닥
A304100,솔트룩스,코스닥
A328380,솔트웨어,코스닥
A004430,송원산업,유가증권시장
A086980,쇼박스,코스닥
A050960,수산아이앤티,코스닥
A126720,수산인더스트리,유가증권시장
A017550,수산중공업,유가증권시장
A084180,수성샐바시온,코스닥
A253840,수젠텍,코스닥
A185190,수프로,코넥스
A298830,슈어소프트테크,코스닥
A236200,슈프리마,코스닥
A094840,슈프리마에이치큐,코스닥
A192440,슈피겐코리아,코스닥
A268030,스마트골프,K-OTC
A424960,스마트레이더시스템,코스닥
A136510,스마트솔루션즈,코스닥
A099440,스맥,코스닥
A053210,스카이라이프,유가증권시장
A033790,스카이문스테크놀로지,코스닥
A276040,스코넥,코스닥
A159910,스킨앤스킨,코스닥
A115570,스타플렉스,코스닥
A330730,스톤브릿지벤처스,코스닥
A253450,스튜디오드래곤,코스닥
A408900,스튜디오미르,코스닥
A204630,스튜디오산타클로스,코스닥
A026890,스틱인베스트먼트,유가증권시장
A013810,스페코,코스닥
A227580,스포피드,K-OTC
A203690,스피어파워,코스닥
A049830,승일,코스닥
A020710,시공테크,코스닥
A033170,시그네틱스,코스닥
A048870,시너지이노베이션,코스닥
A025320,시노펙스,코스닥
A134790,시디즈,유가증권시장
A269620,시스웍,코스닥
A429270,시지트로닉스,코스닥
A418250,시큐레터,코스닥
A131090,시큐브,코스닥
A232830,시큐센,코스닥
A066290,시큐아이,K-OTC
A139050,시티랩스,코스닥
A016590,신대양제지,유가증권시장
A290520,신도기연,코스닥
A029530,신도리코,유가증권시장
A004970,신라교역,유가증권시장
A001000,신라섬유,코스닥
A025870,신라에스지,코스닥
A215600,신라젠,코스닥
A070480,신비앤텍,K-OTC
A065350,신성델타테크,코스닥
A416180,신성에스티,코스닥
A011930,신성이엔지,유가증권시장
A005390,신성통상,유가증권시장
A004170,신세계,유가증권시장
A035510,신세계 I&C,유가증권시장
A034300,신세계건설,유가증권시장
A031430,신세계인터내셔날,유가증권시장
A012580,신세계톰보이,K-OTC
A031440,신세계푸드,유가증권시장
A006880,신송홀딩스,유가증권시장
A162300,신스틸,코스닥
A002800,신신제약,코스닥
A419270,신영스팩7호,코스닥
A430220,신영스팩8호,코스닥
A445970,신영스팩9호,코스닥
A002470,신영씨앤디,K-OTC
A005800,신영와코루,유가증권시장
A001720,신영증권,유가증권시장
A009270,신원,유가증권시장
A017000,신원종합개발,코스닥
A002700,신일전자,유가증권시장
A012790,신일제약,코스닥
A138070,신진에스엠,코스닥
A226330,신테카바이오,코스닥
A002870,신풍,유가증권시장
A019170,신풍제약,유가증권시장
A418210,신한제10호스팩,코스닥
A452980,신한제11호스팩,코스닥
A393360,신한제8호스팩,코스닥
A405640,신한제9호스팩,코스닥
A055550,신한지주,유가증권시장
A056700,신화인터텍,코스닥
A187270,신화콘텍,코스닥
A004080,신흥,유가증권시장
A243840,신흥에스이씨,코스닥
A376910,실력산업,K-OTC
A257720,실리콘투,코스닥
A222800,심텍,코스닥
A036710,심텍홀딩스,코스닥
A160980,싸이맥스,코스닥
A356890,싸이버원,코스닥
A217330,싸이토젠,코스닥
A102280,쌍방울,유가증권시장
A003410,쌍용C&E,유가증권시장
A010280,쌍용정보통신,코스닥
A004770,써니전자,유가증권시장
A217320,썬테크,코넥스
A208640,썸에이지,코스닥
A222420,쎄노텍,코스닥
A037760,쎄니트,코스닥
A099320,쎄트렉아이,코스닥
A049960,쎌바이오텍,코스닥
A403550,쏘카,유가증권시장
A050890,쏠리드,코스닥
A073960,씨브이네트,K-OTC
A066790,씨씨에스,코스닥
A222080,씨아이에스,코스닥
A004920,씨아이테크,유가증권시장
A236030,씨알푸드,코넥스
A103660,씨앗,코넥스
A352480,씨앤씨인터내셔널,코스닥
A245450,씨앤에스링크,코넥스
A032040,씨앤에스자산관리,K-OTC
A264660,씨앤지하이테크,코스닥
A352700,씨앤투스,코스닥
A297090,씨에스베어링,코스닥
A112610,씨에스윈드,유가증권시장
A359090,씨엔알리서치,코스닥
A286000,씨엔티드림,코넥스
A115530,씨엔플러스,코스닥
A037340,씨엘인터내셔널,K-OTC
A115480,씨유메디칼,코스닥
A340810,씨유박스,코스닥
A376290,씨유테크,코스닥
A189330,씨이랩,코스닥
A096530,씨젠,코스닥
A900120,씨케이에이치,코스닥
A101240,씨큐브,코스닥
A060590,씨티씨바이오,코스닥
A308170,씨티알모빌리티,유가증권시장
A260930,씨티케이,코스닥
A052300,씨티프라퍼티,코스닥
A041710,씽크풀,K-OTC
A013990,아가방컴퍼니,코스닥
A123860,아나패스,코스닥
A025980,아난티,코스닥
A008700,아남전자,유가증권시장
A192230,아리바이오,K-OTC
A058220,아리온,코스닥
A125210,아모그린텍,코스닥
A002790,아모레G,유가증권시장
A090430,아모레퍼시픽,유가증권시장
A357580,아모센스,코스닥
A052710,아모텍,코스닥
A074430,아미노로직스,코스닥
A092040,아미코젠,코스닥
A083930,아바코,코스닥
A149950,아바텍,코스닥
A036010,아비코전자,코스닥
A002030,아세아,유가증권시장
A183190,아세아시멘트,유가증권시장
A002310,아세아제지,유가증권시장
A050860,아세아텍,코스닥
A012170,아센디오,유가증권시장
A136410,아셈스,코스닥
A246720,아스타,코스닥
A067390,아스트,코스닥
A159010,아스플로,코스닥
A127710,아시아경제,코스닥
A267850,아시아나IDT,유가증권시장
A020560,아시아나항공,유가증권시장
A154030,아시아종묘,코스닥
A227610,아우딘퓨쳐스,코스닥
A143160,아이디스,코스닥
A031690,아이디스파워텔,K-OTC
A054800,아이디스홀딩스,코스닥
A332370,아이디피,코스닥
A122900,아이마켓코리아,유가증권시장
A339950,아이비김영,코스닥
A099190,아이센스,코스닥
A289010,아이스크림에듀,코스닥
A214430,아이쓰리시스템,코스닥
A040910,아이씨디,코스닥
A368600,아이씨에이치,코스닥
A052860,아이앤씨,코스닥
A010780,아이에스동서,유가증권시장
A069920,아이에스이커머스,코스닥
A038880,아이에이,코스닥
A307180,아이엘사이언스,코스닥
A101390,아이엠,코스닥
A456570,아이엠지티,코넥스
A451220,아이엠티,코스닥
A447690,아이오바이오,코넥스
A078860,아이오케이,코스닥
A090150,아이윈,코스닥
A123010,아이윈플러스,코스닥
A031310,아이즈비전,코스닥
A185490,아이진,코스닥
A059100,아이컴포넌트,코스닥
A149010,아이케이세미콘,코넥스
A262840,아이퀘스트,코스닥
A175250,아이큐어,코스닥
A052460,아이크래프트,코스닥
A119830,아이텍,코스닥
A052770,아이톡시,코스닥
A124500,아이티센,코스닥
A372800,아이티아이즈,코스닥
A084850,아이티엠반도체,코스닥
A114840,아이패밀리에스씨,코스닥
A027360,아주IB투자,코스닥
A139990,아주스틸,유가증권시장
A049410,아주엠씨엠,K-OTC
A032080,아즈텍WB,코스닥
A013310,아진산업,코스닥
A059120,아진엑스텍,코스닥
A011400,아진카인텍,K-OTC
A158430,아톤,코스닥
A149300,아퓨어스,코넥스
A067160,아프리카TV,코스닥
A102950,아하,코넥스
A043720,안국바이오진단,K-OTC
A001540,안국약품,코스닥
A053800,안랩,코스닥
A251280,안지오랩,코넥스
A065660,안트로젠,코스닥
A297570,알로이스,코스닥
A001780,알루코,유가증권시장
A260660,알리코제약,코스닥
A354320,알멕,코스닥
A361570,알비더블유,코스닥
A131370,알서포트,코스닥
A140670,알에스오토메이션,코스닥
A096610,알에프세미,코스닥
A061040,알에프텍,코스닥
A148250,알엔투테크놀로지,코스닥
A347860,알체라,코스닥
A196170,알테오젠,코스닥
A123750,알톤스포츠,코스닥
A085810,알티캐스트,코스닥
A117670,알파홀딩스,코스닥
A314140,알피바이오,코스닥
A291650,압타머사이언스,코스닥
A293780,압타바이오,코스닥
A018250,애경산업,유가증권시장
A161000,애경케미칼,유가증권시장
A390110,애니메디솔루션,코넥스
A196300,애니젠,코스닥
A310200,애니플러스,코스닥
A179530,애드바이오텍,코스닥
A900100,애머릿지,코스닥
A205500,액션스퀘어,코스닥
A052790,액토즈소프트,코스닥
A290740,액트로,코스닥
A238090,앤디포스,코스닥
A092600,앤씨앤,코스닥
A129050,앤알커뮤니,K-OTC
A129890,앱코,코스닥
A174900,앱클론,코스닥
A255440,야스,코스닥
A030960,양지사,코스닥
A102120,어보브반도체,코스닥
A263540,어스앤에어로스페이스,코스닥
A238120,얼라인드,코스닥
A224810,엄지하우스,코넥스
A019990,에너토크,코스닥
A011090,에넥스,유가증권시장
A224850,에듀타운,K-OTC
A270660,에브리봇,코스닥
A038680,에스넷,코스닥
A137310,에스디바이오센서,유가증권시장
A217480,에스디생명공학,코스닥
A121890,에스디시스템,코스닥
A118000,에스메디,유가증권시장
A304360,에스바이오메딕스,코스닥
A389500,에스비비테크,코스닥
A042110,에스씨디,코스닥
A298060,에스씨엠생명과학,코스닥
A065420,에스아이리소스,코스닥
A270210,에스알바이오텍,코넥스
A103230,에스앤더블류,코스닥
A260970,에스앤디,코스닥
A101490,에스앤에스텍,코스닥
A095910,에스에너지,코스닥
A275630,에스에스알,코스닥
A031330,에스에이엠티,코스닥
A060540,에스에이티,코스닥
A351320,에스에이티이엔지,코스닥
A056190,에스에프에이,코스닥
A080000,에스엔유,코스닥
A005850,에스엘,유가증권시장
A214310,에스엘에너지,코스닥
A246250,에스엘에스바이오,코스닥
A258540,에스엘테라퓨틱스,코넥스
A041510,에스엠,코스닥
A010580,에스엠벡셀,유가증권시장
A299670,에스엠비나,코넥스
A007820,에스엠코어,코스닥
A109610,에스와이,코스닥
A012750,에스원,유가증권시장
A031860,에스유홀딩스,코스닥
A306040,에스제이그룹,코스닥
A217910,에스제이켐,코넥스
A224020,에스케이씨에스,코넥스
A457940,에스케이증권제10호스팩,코스닥
A435870,에스케이증권제8호스팩,코스닥
A455910,에스케이증권제9호스팩,코스닥
A096630,에스코넥,코스닥
A114290,에스코어,K-OTC
A069510,에스텍,코스닥
A041910,에스텍파마,코스닥
A234300,에스트래픽,코스닥
A039440,에스티아이,코스닥
A098660,에스티오,코스닥
A052020,에스티큐브,코스닥
A237690,에스티팜,코스닥
A050760,에스폴리텍,코스닥
A288620,에스퓨얼셀,코스닥
A036150,에스피반도체,K-OTC
A317830,에스피시스템스,코스닥
A058610,에스피지,코스닥
A043340,에쎈테크,코스닥
A023960,에쓰씨엔지니어링,유가증권시장
A037890,에어미디어,K-OTC
A298690,에어부산,유가증권시장
A187660,에이디엠코리아,코스닥
A054630,에이디칩스,코스닥
A200710,에이디테크놀로지,코스닥
A096690,에이루트,코스닥
A078520,에이블씨엔씨,유가증권시장
A298380,에이비엘바이오,코스닥
A203400,에이비온,코스닥
A195990,에이비프로바이오,코스닥
A003800,에이스침대,코스닥
A088800,에이스테크,코스닥
A241840,에이스토리,코스닥
A311960,에이아이더뉴트리진,코넥스
A300900,에이에이아이헬스케어,K-OTC
A312610,에이에프더블류,코스닥
A015260,에이엔피,유가증권시장
A172670,에이엘티,코스닥
A234070,에이원알폼,코넥스
A001890,에이치디씨영창,K-OTC
A072990,에이치시티,코스닥
A227100,에이치앤비디자인,코스닥
A044990,에이치엔에스하이텍,코넥스
A239610,에이치엘사이언스,코스닥
A462020,에이치엠씨제6호스팩,코스닥
A148930,에이치와이티씨,코스닥
A044780,에이치케이,코스닥
A357230,에이치피오,코스닥
A071670,에이테크솔루션,코스닥
A045660,에이텍,코스닥
A224110,에이텍모빌리티,코스닥
A230980,에이트원,코스닥
A021080,에이티넘인베스트,코스닥
A089530,에이티세미콘,코스닥
A200470,에이팩트,코스닥
A207490,에이펙스인텍,코넥스
A262260,에이프로,코스닥
A007460,에이프로젠,유가증권시장
A109960,에이프로젠 H&G,코스닥
A003060,에이프로젠바이오로직스,유가증권시장
A397030,에이프릴바이오,코스닥
A141110,에이플러스라이프,K-OTC
A244920,에이플러스에셋,유가증권시장
A089970,에이피티씨,코스닥
A230240,에치에프알,코스닥
A230360,에코마케팅,코스닥
A015540,에코바이브,유가증권시장
A038870,에코바이오,코스닥
A097780,에코볼트,코스닥
A101360,에코앤드림,코스닥
A128540,에코캡,코스닥
A086520,에코프로,코스닥
A247540,에코프로비엠,코스닥
A383310,에코프로에이치엔,코스닥
A038110,에코플라스틱,코스닥
A073540,에프알텍,코스닥
A064850,에프앤가이드,코스닥
A036810,에프에스티,코스닥
A173940,에프엔씨엔터,코스닥
A083500,에프엔에스테크,코스닥
A446440,에피바이오텍,코넥스
A054940,엑사이엔씨,코스닥
A043090,엑서지21,코스닥
A950130,엑세스바이오,코스닥
A205100,엑셈,코스닥
A356680,엑스게이트,코스닥
A070300,엑스큐어,코스닥
A317770,엑스페릭스,코스닥
A092870,엑시콘,코스닥
A236010,엔드림,K-OTC
A317870,엔바이오니아,코스닥
A067570,엔브이에이치코리아,코스닥
A236810,엔비티,코스닥
A140610,엔솔바이오사이언스,코넥스
A333620,엔시스,코스닥
A101400,엔시트론,코스닥
A036570,엔씨소프트,유가증권시장
A238170,엔에스엠,코넥스
A224760,엔에스컴퍼니,코넥스
A380440,엔에이치스팩19호,유가증권시장
A391060,엔에이치스팩20호,코스닥
A422040,엔에이치스팩23호,코스닥
A437780,엔에이치스팩24호,코스닥
A438580,엔에이치스팩25호,코스닥
A439410,엔에이치스팩26호,코스닥
A440820,엔에이치스팩27호,코스닥
A450410,엔에이치스팩28호,코스닥
A451700,엔에이치스팩29호,코스닥
A265740,엔에프씨,코스닥
A354200,엔젠바이오,코스닥
A419080,엔젯,코스닥
A093510,엔지브이아이,코넥스
A208860,엔지스테크널러지,코스닥
A183490,엔지켐생명과학,코스닥
A085310,엔케이,유가증권시장
A182400,엔케이맥스,코스닥
A348370,엔켐,코스닥
A068420,엔터미디어,K-OTC
A058450,엔터파트너즈,코스닥
A069410,엔텔스,코스닥
A227950,엔투텍,코스닥
A291230,엔피,코스닥
A198080,엔피디,코스닥
A048830,엔피케이,코스닥
A096870,엘디티,코스닥
A276240,엘리비젼,코넥스
A900140,엘브이엠씨홀딩스,유가증권시장
A138690,엘아이에스,코스닥
A290650,엘앤씨바이오,코스닥
A066970,엘앤에프,코스닥
A156100,엘앤케이바이오,코스닥
A190410,엘에스아이앤디,K-OTC
A311060,엘에이티,코넥스
A073110,엘엠에스,코스닥
A083310,엘오티베큠,코스닥
A037950,엘컴텍,코스닥
A011870,엘티삼보,K-OTC
A170920,엘티씨,코스닥
A058630,엠게임,코스닥
A058970,엠로,코스닥
A019590,엠벤처투자,코스닥
A169330,엠브레인,코스닥
A008120,엠소닉,K-OTC
A097520,엠씨넥스,유가증권시장
A373170,엠아이큐브솔루션,코스닥
A179290,엠아이텍,코스닥
A009780,엠에스씨,코스닥
A123040,엠에스오토텍,코스닥
A323230,엠에프엠코리아,코스닥
A032790,엠젠솔루션,코스닥
A046290,엠캐피탈,K-OTC
A033160,엠케이전자,코스닥
A206300,엠텍비젼,K-OTC
A347890,엠투아이,코스닥
A033310,엠투엔,코스닥
A259630,엠플러스,코스닥
A115960,연우,코스닥
A060850,영림원소프트랩,코스닥
A014440,영보화학,유가증권시장
A143540,영우디에스피,코스닥
A111770,영원무역,유가증권시장
A009970,영원무역홀딩스,유가증권시장
A003520,영진약품,유가증권시장
A000670,영풍,유가증권시장
A036560,영풍정밀,코스닥
A006740,영풍제지,유가증권시장
A012280,영화금속,유가증권시장
A265560,영화테크,코스닥
A012160,영흥,유가증권시장
A036000,예림당,코스닥
A250930,예선테크,코스닥
A053280,예스24,코스닥
A015360,예스코홀딩스,유가증권시장
A122640,예스티,코스닥
A900300,오가닉티코스메틱,코스닥
A045060,오공,코스닥
A080520,오디텍,코스닥
A007310,오뚜기,유가증권시장
A039830,오로라,코스닥
A322310,오로스테크놀로지,코스닥
A046120,오르비텍,코스닥
A014940,오리엔탈정공,코스닥
A002630,오리엔트바이오,유가증권시장
A038520,오리엔트전자,K-OTC
A065500,오리엔트정공,코스닥
A271560,오리온,유가증권시장
A001800,오리온홀딩스,유가증권시장
A010470,오리콤,코스닥
A417860,오브젠,코스닥
A352910,오비고,코스닥
A053980,오상자이엘,코스닥
A036220,오상헬스케어,K-OTC
A052420,오성첨단소재,코스닥
A241790,오션브릿지,코스닥
A039200,오스코텍,코스닥
A226400,오스테오닉,코스닥
A031510,오스템,코스닥
A368970,오에스피,코스닥
A138080,오이솔루션,코스닥
A080580,오킨스전자,코스닥
A067170,오텍,코스닥
A353590,오토앤,코스닥
A173130,오파스넷,코스닥
A440320,오픈놀,코스닥
A049480,오픈베이스,코스닥
A394280,오픈엣지테크놀로지,코스닥
A309930,오하임앤컴퍼니,코스닥
A244460,올리패스,코스닥
A226950,올릭스,코스닥
A057540,옴니시스템,코스닥
A131030,옵투스제약,코스닥
A082210,옵트론텍,코스닥
A109080,옵티시스,코스닥
A380540,옵티코어,코스닥
A153710,옵티팜,코스닥
A321820,와이더플래닛,코스닥
A114750,와이디생명과학,K-OTC
A432430,와이랩,코스닥
A122990,와이솔,코스닥
A112290,와이씨켐,코스닥
A232140,와이아이케이,코스닥
A065530,와이어블,코스닥
A067900,와이엔텍,코스닥
A007530,와이엠,코스닥
A155650,와이엠씨,코스닥
A273640,와이엠텍,코스닥
A251370,와이엠티,코스닥
A066430,와이오엠,코스닥
A193250,와이제이엠게임즈,코스닥
A096250,와이즈넛,K-OTC
A273060,와이즈버즈,코스닥
A354180,와이즈에이아이,K-OTC
A019210,와이지-원,코스닥
A122870,와이지엔터테인먼트,코스닥
A011690,와이투솔루션,유가증권시장
A332570,와이팜,코스닥
A079000,와토스코리아,코스닥
A110030,완도전복,K-OTC
A070960,용평리조트,유가증권시장
A403490,우듬지팜,코스닥
A316140,우리금융지주,유가증권시장
A032820,우리기술,코스닥
A041190,우리기술투자,코스닥
A115440,우리넷,코스닥
A046970,우리로,코스닥
A082850,우리바이오,코스닥
A215360,우리산업,코스닥
A072470,우리산업홀딩스,코스닥
A073560,우리손에프앤지,코스닥
A037400,우리엔터프라이즈,코스닥
A153490,우리이앤엘,코스닥
A101170,우림피티에스,코스닥
A006980,우성,유가증권시장
A066590,우수AMS,코스닥
A017370,우신시스템,유가증권시장
A103840,우양,코스닥
A046940,우원개발,코스닥
A215380,우정바이오,코스닥
A065680,우주일렉트로,코스닥
A105840,우진,유가증권시장
A018620,우진비앤지,코스닥
A010400,우진아이엔에스,유가증권시장
A049800,우진플라임,유가증권시장
A016880,웅진,유가증권시장
A095720,웅진씽크빅,유가증권시장
A396470,워트,코스닥
A005820,원림,유가증권시장
A307280,원바이오젠,코스닥
A032940,원익,코스닥
A240810,원익IPS,코스닥
A074600,원익QnC,코스닥
A104830,원익머트리얼즈,코스닥
A014190,원익큐브,코스닥
A217820,원익피앤이,코스닥
A030530,원익홀딩스,코스닥
A012620,원일특강,코스닥
A382840,원준,코스닥
A336570,원텍,코스닥
A376980,원티드랩,코스닥
A122830,원포유,코넥스
A008370,원풍,코스닥
A008290,원풍물산,코스닥
A101160,월덱스,코스닥
A064090,웨스트라이즈,코스닥
A336060,웨이버스,코스닥
A095270,웨이브일렉트로,코스닥
A010600,웰바이오텍,유가증권시장
A065950,웰크론,코스닥
A076080,웰크론한텍,코스닥
A043590,웰킵스하이텍,코스닥
A196700,웹스,코스닥
A069080,웹젠,코스닥
A053580,웹케시,코스닥
A071460,위니아,코스닥
A377460,위니아에이드,코스닥
A044340,위닉스,코스닥
A330350,위더스제약,코스닥
A348350,위드텍,코스닥
A112040,위메이드,코스닥
A101730,위메이드맥스,코스닥
A123420,위메이드플레이,코스닥
A065370,위세아이텍,코스닥
A140660,위월드,코넥스
A038620,위즈코프,코스닥
A299900,위지윅스튜디오,코스닥
A036090,위지트,코스닥
A136540,윈스,코스닥
A320000,윈텍,코스닥
A097800,윈팩,코스닥
A192390,윈하이텍,코스닥
A313760,윌링스,코스닥
A008600,윌비스,유가증권시장
A335870,윙스풋,코스닥
A900340,윙입푸드,코스닥
A033270,유나이티드제약,유가증권시장
A014830,유니드,유가증권시장
A446070,유니드비티플러스,유가증권시장
A036200,유니셈,코스닥
A018000,유니슨,코스닥
A000910,유니온,유가증권시장
A047400,유니온머티리얼,유가증권시장
A203450,유니온커뮤니티,코스닥
A011330,유니켐,유가증권시장
A077500,유니퀘스트,유가증권시장
A011320,유니크,코스닥
A086390,유니테스트,코스닥
A241690,유니테크노,코스닥
A063180,유니텍,K-OTC
A142210,유니트론텍,코스닥
A121060,유니포인트,코넥스
A048430,유라테크,코스닥
A206650,유바이오로직스,코스닥
A089850,유비벨록스,코스닥
A084440,유비온,코스닥
A032620,유비케어,코스닥
A264450,유비쿼스,코스닥
A078070,유비쿼스홀딩스,코스닥
A002920,유성기업,유가증권시장
A024800,유성티엔에스,코스닥
A000700,유수홀딩스,유가증권시장
A054930,유신,코스닥
A069330,유아이디,코스닥
A049520,유아이엘,코스닥
A435380,유안타제10호스팩,코스닥
A444920,유안타제11호스팩,코스닥
A446150,유안타제12호스팩,코스닥
A449020,유안타제13호스팩,코스닥
A450940,유안타제14호스팩,코스닥
A430700,유안타제9호스팩,코스닥
A003470,유안타증권,유가증권시장
A263770,유에스티,코스닥
A337840,유엑스엔,코넥스
A072130,유엔젤,유가증권시장
A000220,유유제약,유가증권시장
A388720,유일로보틱스,코스닥
A340930,유일에너테크,코스닥
A023410,유진기업,코스닥
A056080,유진로봇,코스닥
A373340,유진스팩6호,코스닥
A388800,유진스팩7호,코스닥
A413630,유진스팩8호,코스닥
A442130,유진스팩9호,코스닥
A084370,유진테크,코스닥
A001200,유진투자증권,유가증권시장
A221800,유투바이오,코넥스
A179900,유티아이,코스닥
A263050,유틸렉스,코스닥
A000100,유한양행,유가증권시장
A003460,유화증권,유가증권시장
A191410,육일씨엔에쓰,코스닥
A372170,윤성에프앤씨,코스닥
A146060,율촌,코스닥
A008730,율촌화학,유가증권시장
A072770,율호,코스닥
A008250,이건산업,유가증권시장
A039020,이건홀딩스,코스닥
A025820,이구산업,유가증권시장
A067920,이글루,코스닥
A044960,이글벳,코스닥
A303530,이노뎁,코스닥
A296640,이노룰스,코스닥
A302430,이노메트리,코스닥
A279060,이노벡스,코넥스
A214320,이노션,유가증권시장
A274400,이노시뮬레이션,코스닥
A056090,이노시스,코스닥
A073490,이노와이어리스,코스닥
A215790,이노인스트루먼트,코스닥
A344860,이노진,코스닥
A246960,이노테라피,코스닥
A088390,이녹스,코스닥
A272290,이녹스첨단소재,코스닥
A053350,이니텍,코스닥
A041520,이라이콤,코스닥
A264850,이랜시스,코스닥
A054210,이랜텍,코스닥
A164060,이루다,코스닥
A065440,이루온,코스닥
A139480,이마트,유가증권시장
A010090,이마트에브리데이,K-OTC
A115610,이미지스,코스닥
A078020,이베스트투자증권,코스닥
A131400,이브이첨단소재,코스닥
A419700,이브이파킹서비스,코넥스
A208850,이비테크,코넥스
A351330,이삭엔지니어링,코스닥
A080010,이상네트웍스,코스닥
A379390,이성씨엔아이,코넥스
A457190,이수스페셜티케미컬,유가증권시장
A086890,이수앱지스,코스닥
A007660,이수페타시스,유가증권시장
A005950,이수화학,유가증권시장
A015020,이스타코,유가증권시장
A047560,이스트소프트,코스닥
A900110,이스트아시아홀딩스,코스닥
A067010,이씨에스,코스닥
A093230,이아이디,유가증권시장
A341310,이앤에치,코넥스
A102710,이엔에프테크놀로지,코스닥
A074610,이엔플러스,유가증권시장
A063760,이엘피,코스닥
A123570,이엠넷,코스닥
A083470,이엠앤아이,코스닥
A095190,이엠코리아,코스닥
A091120,이엠텍,코스닥
A232530,이엠티,코넥스
A102460,이연제약,유가증권시장
A039030,이오테크닉스,코스닥
A294090,이오플로우,코스닥
A088290,이원컴포텍,코스닥
A084680,이월드,유가증권시장
A181340,이즈미디어,코스닥
A353810,이지바이오,코스닥
A099750,이지케어텍,코스닥
A377330,이지트로닉스,코스닥
A035810,이지홀딩스,코스닥
A160600,이큐셀,코스닥
A092130,이크레더블,코스닥
A096040,이트론,코스닥
A134060,이퓨쳐,코스닥
A001840,이화공영,코스닥
A000760,이화산업,유가증권시장
A024810,이화전기,코스닥
A376580,익수제약,K-OTC
A014990,인디에프,유가증권시장
A041830,인바디,코스닥
A352940,인바이오,코스닥
A101140,인바이오젠,유가증권시장
A216400,인바이츠바이오코아,코넥스
A079950,인베니아,코스닥
A389470,인벤티지랩,코스닥
A277410,인산가,코스닥
A060150,인선이엔티,코스닥
A033230,인성정보,코스닥
A450520,인스웨이브시스템즈,코스닥
A006490,인스코비,유가증권시장
A037330,인지디스플레,코스닥
A100030,인지소프트,코스닥
A023800,인지컨트롤스,유가증권시장
A034590,인천도시가스,유가증권시장
A211050,인카금융서비스,코스닥
A083640,인콘,코스닥
A216050,인크로스,코스닥
A049070,인탑스,코스닥
A119610,인터로조,코스닥
A017250,인터엠,코스닥
A129260,인터지스,유가증권시장
A051370,인터플렉스,코스닥
A064290,인텍플러스,코스닥
A189300,인텔리안테크,코스닥
A150840,인트로메딕,코스닥
A048530,인트론바이오,코스닥
A023810,인팩,유가증권시장
A175140,인포마크,코스닥
A115310,인포바인,코스닥
A039290,인포뱅크,코스닥
A071200,인피니트헬스케어,코스닥
A101930,인화정공,코스닥
A249420,일동제약,유가증권시장
A000230,일동홀딩스,유가증권시장
A013360,일성건설,유가증권시장
A003120,일성신약,유가증권시장
A333430,일승,코스닥
A068330,일신바이오,코스닥
A003200,일신방직,유가증권시장
A007110,일신석재,유가증권시장
A007570,일양약품,유가증권시장
A178780,일월지엠엘,코스닥
A008500,일정실업,유가증권시장
A019540,일지테크,코스닥
A081000,일진다이아,유가증권시장
A020760,일진디스플,유가증권시장
A103590,일진전기,유가증권시장
A094820,일진파워,코스닥
A271940,일진하이솔루스,유가증권시장
A015860,일진홀딩스,유가증권시장
A226320,잇츠한불,유가증권시장
A950140,잉글우드랩,코스닥
A049550,잉크테크,코스닥
A389020,자람테크놀로지,코스닥
A254120,자비스,코스닥
A043910,자연과환경,코스닥
A234920,자이글,코스닥
A289220,자이언트스텝,코스닥
A317400,자이에스앤디,유가증권시장
A140310,자일자동차,K-OTC
A033240,자화전자,유가증권시장
A090120,잘만테크,K-OTC
A174880,장원테크,코스닥
A049630,재영솔루텍,코스닥
A417840,저스템,코스닥
A000950,전방,유가증권시장
A110020,전진바이오팜,코스닥
A208140,정다운,코스닥
A040420,정상제이엘에스,코스닥
A045510,정원엔시스,코스닥
A217190,제너셈,코스닥
A095700,제넥신,코스닥
A072520,제넨바이오,코스닥
A122310,제노레이,코스닥
A361390,제노코,코스닥
A066830,제노텍,코넥스
A187420,제노포커스,코스닥
A225220,제놀루션,코스닥
A123330,제닉,코스닥
A159580,제로투세븐,코스닥
A147830,제룡산업,코스닥
A033100,제룡전기,코스닥
A079370,제우스,코스닥
A054950,제이브이엠,코스닥
A023440,제이스코홀딩스,코스닥
A090470,제이스텍,코스닥
A287410,제이시스메디칼,코스닥
A137950,제이씨케미칼,코스닥
A033320,제이씨현시스템,코스닥
A417500,제이아이테크,코스닥
A104690,제이앤드,K-OTC
A204270,제이앤티씨,코스닥
A194370,제이에스코퍼레이션,유가증권시장
A026040,제이에스티나,코스닥
A126880,제이엔케이히터,코스닥
A322510,제이엘케이,코스닥
A254160,제이엠멀티,코넥스
A033050,제이엠아이,코스닥
A094970,제이엠티,코스닥
A418550,제이오,코스닥
A025620,제이준코스메틱,유가증권시장
A089790,제이티,코스닥
A030000,제일기획,유가증권시장
A052670,제일바이오,코스닥
A271980,제일약품,유가증권시장
A001560,제일연마,유가증권시장
A199820,제일전기공업,코스닥
A038010,제일테크노스,코스닥
A002620,제일파마홀딩스,유가증권시장
A033480,제주국제컨벤,K-OTC
A276730,제주맥주,코스닥
A080220,제주반도체,코스닥
A006220,제주은행,유가증권시장
A089590,제주항공,유가증권시장
A216080,제테마,코스닥
A229000,젠큐릭스,코스닥
A248020,젬,코넥스
A082270,젬백스,코스닥
A064800,젬백스링크,코스닥
A044060,조광ILI,코스닥
A004910,조광페인트,유가증권시장
A004700,조광피혁,유가증권시장
A001550,조비,유가증권시장
A462520,조선내화,유가증권시장
A120030,조선선재,유가증권시장
A034940,조아제약,코스닥
A067000,조이시티,코스닥
A065050,조인트리,K-OTC
A018470,조일알미늄,유가증권시장
A002600,조흥,유가증권시장
A185750,종근당,유가증권시장
A063160,종근당바이오,유가증권시장
A001630,종근당홀딩스,유가증권시장
A033340,좋은사람들,코스닥
A036930,주성엔지니어링,코스닥
A044380,주연테크,유가증권시장
A239340,줌인터넷,코스닥
A072020,중앙백신,코스닥
A000440,중앙에너비스,코스닥
A051980,중앙첨단소재,코스닥
A228760,지노믹트리,코스닥
A314130,지놈앤컴퍼니,코스닥
A013890,지누스,유가증권시장
A389030,지니너스,코스닥
A043610,지니뮤직,코스닥
A263860,지니언스,코스닥
A303030,지니틱스,코스닥
A036180,지더블유바이텍,코스닥
A208350,지란지교시큐리티,코스닥
A289860,지슨,코넥스
A144510,지씨셀,코스닥
A358570,지아이이노베이션,코스닥
A382480,지아이텍,코스닥
A382800,지앤비에스 에코,코스닥
A299480,지앤이헬스케어,코넥스
A051160,지어소프트,코스닥
A037640,지에스엔텍,K-OTC
A166220,지에스엘,K-OTC
A053050,지에스이,코스닥
A388610,지에프씨생명과학,코넥스
A119850,지엔씨에너지,코스닥
A065060,지엔코,코스닥
A204840,지엘팜텍,코스닥
A013870,지엠비코리아,유가증권시장
A071320,지역난방공사,유가증권시장
A270520,지오릿에너지,코스닥
A311320,지오엘리먼트,코스닥
A388050,지투파워,코스닥
A219750,지티지웰니스,코스닥
A088790,진도,유가증권시장
A018120,진로발효,코스닥
A109820,진매트릭스,코스닥
A086060,진바이오텍,코스닥
A036890,진성티이씨,코스닥
A363250,진시스템,코스닥
A003780,진양산업,유가증권시장
A007370,진양제약,코스닥
A010640,진양폴리,유가증권시장
A100250,진양홀딩스,유가증권시장
A051630,진양화학,유가증권시장
A272450,진에어,유가증권시장
A285800,진영,코스닥
A011000,진원생명과학,유가증권시장
A250030,진코스텍,코넥스
A002780,진흥기업,유가증권시장
A233990,질경이,코넥스
A085660,차바이오텍,코스닥
A261780,차백신연구소,코스닥
A009310,참엔지니어링,유가증권시장
A094850,참좋은여행,코스닥
A004650,창해에탄올,코스닥
A278280,천보,코스닥
A000650,천일고속,유가증권시장
A001490,천지산업,K-OTC
A362320,청담글로벌,코스닥
A012600,청호ICT,유가증권시장
A066360,체리부로,코스닥
A033250,체시스,유가증권시장
A047820,초록뱀미디어,코스닥
A094360,칩스앤미디어,코스닥
A016790,카나리아바이오,코스닥
A118970,카나리아바이오엠,K-OTC
A016920,카스,코스닥
A284620,카이노스메드,코스닥
A446600,카이바이오텍,코넥스
A035720,카카오,유가증권시장
A293490,카카오게임즈,코스닥
A323410,카카오뱅크,유가증권시장
A377300,카카오페이,유가증권시장
A042000,카페24,코스닥
A006380,카프로,유가증권시장
A317530,캐리소프트,코스닥
A071850,캐스텍코리아,코스닥
A050110,캠시스,코스닥
A119860,커넥트웨이브,코스닥
A223310,커머스마이너,코스닥
A109070,컨버즈,유가증권시장
A900310,컬러레이,코스닥
A078340,컴투스,코스닥
A063080,컴투스홀딩스,코스닥
A307930,컴퍼니케이,코스닥
A079190,케스피온,코스닥
A263700,케어랩스,코스닥
A214370,케어젠,코스닥
A052920,케어캠프,K-OTC
A087800,케이디비생명,K-OTC
A221980,케이디켐,코스닥
A038530,케이바이오,코스닥
A001620,케이비아이동국실업,유가증권시장
A424140,케이비제21호스팩,코스닥
A436530,케이비제22호스팩,코스닥
A440200,케이비제23호스팩,코스닥
A192250,케이사인,코스닥
A029460,케이씨,유가증권시장
A115500,케이씨에스,코스닥
A281820,케이씨텍,유가증권시장
A089150,케이씨티,코스닥
A025880,케이씨피드,코스닥
A093320,케이아이엔엑스,코스닥
A040100,케이아이티,K-OTC
A093640,케이알엠,코스닥
A049500,케이알투자증권,K-OTC
A073010,케이에스피,코스닥
A105330,케이엔더블유,코스닥
A053080,케이엔솔,코스닥
A272110,케이엔제이,코스닥
A039420,케이엘넷,코스닥
A083550,케이엠,코스닥
A032500,케이엠더블유,코스닥
A225430,케이엠제약,코스닥
A102370,케이옥션,코스닥
A381970,케이카,유가증권시장
A036030,케이티알파,코스닥
A064820,케이프,코스닥
A256940,케이피에스,코스닥
A024880,케이피에프,코스닥
A042040,케이피엠테크,코스닥
A054410,케이피티유,코스닥
A258610,케일럼,코스닥
A274090,켄코아에어로스페이스,코스닥
A402420,켈스,코넥스
A089010,켐트로닉스,코스닥
A220260,켐트로스,코스닥
A176590,코나솔,코넥스
A052400,코나아이,코스닥
A402030,코난테크놀로지,코스닥
A391710,코닉오토메이션,코스닥
A046070,코다코,코스닥
A047770,코데즈컴바인,코스닥
A080530,코디,코스닥
A104540,코렌텍,코스닥
A040470,코리아2000,K-OTC
A027050,코리아나,코스닥
A020920,코리아로터리,K-OTC
A007810,코리아써키트,유가증권시장
A190650,코리아에셋투자증권,코스닥
A123410,코리아에프티,코스닥
A003690,코리안리,유가증권시장
A036690,코맥스,코스닥
A049430,코메론,코스닥
A183300,코미코,코스닥
A041960,코미팜,코스닥
A089890,코세스,코스닥
A009730,코센,코스닥
A189350,코셋,코넥스
A082660,코스나인,코스닥
A192820,코스맥스,유가증권시장
A044820,코스맥스비티아이,유가증권시장
A222040,코스맥스엔비티,코스닥
A241710,코스메카코리아,코스닥
A005070,코스모신소재,유가증권시장
A005420,코스모화학,유가증권시장
A355150,코스텍시스,코스닥
A169670,코스텍시스템,코넥스
A094930,코스텔,K-OTC
A071950,코아스,유가증권시장
A166480,코아스템켐온,코스닥
A045970,코아시아,코스닥
A196450,코아시아씨엠,코스닥
A384470,코어라인소프트,코스닥
A099620,코엔스,K-OTC
A029960,코엔텍,코스닥
A002020,코오롱,유가증권시장
A003070,코오롱글로벌,유가증권시장
A450140,코오롱모빌리티그룹,유가증권시장
A102940,코오롱생명과학,코스닥
A120110,코오롱인더,유가증권시장
A950160,코오롱티슈진,코스닥
A138490,코오롱플라스틱,유가증권시장
A021240,코웨이,유가증권시장
A033290,코웰패션,코스닥
A056360,코위버,코스닥
A282880,코윈테크,코스닥
A121850,코이즈,코스닥
A146930,코잇,K-OTC
A448710,코츠테크놀로지,코스닥
A015710,코콤,코스닥
A052330,코텍,코스닥
A322780,코퍼스코리아,코스닥
A036420,콘텐트리중앙,유가증권시장
A200130,콜마비앤에이치,코스닥
A031820,콤텍시스템,유가증권시장
A294570,쿠콘,코스닥
A192400,쿠쿠홀딩스,유가증권시장
A284740,쿠쿠홈시스,유가증권시장
A317690,퀀타매트릭스,코스닥
A078940,퀀타피아,코스닥
A432720,퀄리타스반도체,코스닥
A456190,큐라켐,코넥스
A365270,큐라클,코스닥
A348080,큐라티스,코스닥
A086460,큐러블,코넥스
A060280,큐렉소,코스닥
A040350,큐로컴,코스닥
A051780,큐로홀딩스,코스닥
A115180,큐리언트,코스닥
A445680,큐리옥스바이오시스템즈,코스닥
A182360,큐브엔터,코스닥
A405100,큐알티,코스닥
A066310,큐에스아이,코스닥
A136660,큐엠씨,코넥스
A016600,큐캐피탈,코스닥
A355390,크라우드웍스,코스닥
A264900,크라운제과,유가증권시장
A005740,크라운해태홀딩스,유가증권시장
A259960,크래프톤,유가증권시장
A096240,크레버스,코스닥
A215570,크로넥스,코넥스
A114120,크루셜텍,코스닥
A110790,크리스에프앤씨,코스닥
A900250,크리스탈신소재,코스닥
A045520,크린앤사이언스,코스닥
A036170,클라우드에어,코스닥
A214150,클래시스,코스닥
A352770,클리노믹스,코스닥
A237880,클리오,코스닥
A139670,키네마스터,코스닥
A020120,키다리스튜디오,유가증권시장
A413600,키움제6호스팩,코스닥
A433530,키움제7호스팩,코스닥
A446840,키움제8호스팩,코스닥
A039490,키움증권,유가증권시장
A054780,키이스트,코스닥
A336040,타스컴,코넥스
A219130,타이거일렉,코스닥
A346010,타이드,코넥스
A318660,타임기술,코넥스
A434190,탈로스,코넥스
A360070,탑머티리얼,코스닥
A180060,탑선,코넥스
A065130,탑엔지니어링,코스닥
A134580,탑코미디어,코스닥
A014580,태경비케이,유가증권시장
A015890,태경산업,유가증권시장
A006890,태경케미컬,유가증권시장
A023160,태광,코스닥
A003240,태광산업,유가증권시장
A011280,태림포장,유가증권시장
A323280,태성,코스닥
A053620,태양,코스닥
A052960,태양3C,코넥스
A004100,태양금속,유가증권시장
A116100,태양기계,코넥스
A009410,태영건설,유가증권시장
A044490,태웅,코스닥
A124560,태웅로직스,코스닥
A001420,태원물산,유가증권시장
A007980,태평양물산,유가증권시장
A191420,테고사이언스,코스닥
A073640,테라사이언스,코스닥
A066700,테라젠이텍스,코스닥
A095610,테스,코스닥
A055490,테이팩스,유가증권시장
A308700,테크엔,코넥스
A064520,테크엘,코스닥
A089030,테크윙,코스닥
A258050,테크트랜스,코넥스
A054450,텔레칩스,코스닥
A091440,텔레필드,코스닥
A078000,텔코웨어,유가증권시장
A200230,텔콘RF제약,코스닥
A214420,토니모리,유가증권시장
A393210,토마토시스템,코스닥
A215480,토박스코리아,코스닥
A051360,토비스,코스닥
A045340,토탈소프트,코스닥
A108230,톱텍,코스닥
A363230,투니플레이,K-OTC
A079970,투비소프트,코스닥
A061610,투에버,K-OTC
A199800,툴젠,코스닥
A417790,트루엔,코스닥
A105550,트루윈,코스닥
A290090,트윔,코스닥
A026150,특수건설,코스닥
A322180,티라유텍,코스닥
A117730,티로보틱스,코스닥
A072610,티맥스소프트,K-OTC
A033830,티비씨,코스닥
A057680,티사이언티픽,코스닥
A204610,티쓰리,코스닥
A064760,티씨케이,코스닥
A246710,티앤알바이오팹,코스닥
A340570,티앤엘,코스닥
A043220,티에스넥스젠,코스닥
A277880,티에스아이,코스닥
A131290,티에스이,코스닥
A019180,티에이치엔,유가증권시장
A425420,티에프이,코스닥
A131100,티엔엔터테인먼트,코스닥
A356860,티엘비,코스닥
A062860,티엘아이,코스닥
A413300,티엘엔지니어링,코넥스
A363280,티와이홀딩스,유가증권시장
A321550,티움바이오,코스닥
A091810,티웨이항공,유가증권시장
A004870,티웨이홀딩스,유가증권시장
A425040,티이엠씨,코스닥
A104480,티케이케미칼,코스닥
A081150,티플랙스,코스닥
A130740,티피씨글로벌,코스닥
A217880,틸론,코넥스
A084730,팅크웨어,코스닥
A058530,파나케이아,코스닥
A440110,파두,코스닥
A034230,파라다이스,코스닥
A033540,파라텍,코스닥
A388870,파로스아이바이오,코스닥
A043200,파루,코스닥
A214450,파마리서치,코스닥
A217950,파마리서치바이오,코넥스
A208340,파멥신,코스닥
A005690,파미셀,유가증권시장
A177830,파버나인,코스닥
A037070,파세코,코스닥
A150900,파수,코스닥
A037030,파워넷,코스닥
A047310,파워로직스,코스닥
A266870,파워풀엑스,코넥스
A368770,파이버프로,코스닥
A170790,파이오링크,코스닥
A049120,파인디앤씨,코스닥
A038950,파인디지털,코스닥
A441270,파인엠텍,코스닥
A106240,파인테크닉스,코스닥
A131760,파인텍,코스닥
A065690,파커스,코스닥
A140860,파크시스템스,코스닥
A091700,파트론,코스닥
A202960,판도라티비,코넥스
A032800,판타지오,코스닥
A318010,팜스빌,코스닥
A036580,팜스코,유가증권시장
A027710,팜스토리,코스닥
A004720,팜젠사이언스,유가증권시장
A225590,패션플랫폼,코스닥
A054300,팬스타엔터프라이즈,코스닥
A068050,팬엔터테인먼트,코스닥
A028670,팬오션,유가증권시장
A222110,팬젠,코스닥
A271830,팸텍,코스닥
A010820,퍼스텍,유가증권시장
A016800,퍼시스,유가증권시장
A263750,펄어비스,코스닥
A251970,펌텍코리아,코스닥
A001020,페이퍼코리아,유가증권시장
A327610,펨토바이오메드,코넥스
A168360,펨트론,코스닥
A087010,펩트론,코스닥
A090080,평화산업,유가증권시장
A010770,평화홀딩스,유가증권시장
A168570,포겟,K-OTC
A119500,포메탈,코스닥
A389140,포바이포,코스닥
A022100,포스코DX,코스닥
A058430,포스코스틸리온,유가증권시장
A009520,포스코엠텍,코스닥
A025100,포스코이앤씨,K-OTC
A047050,포스코인터내셔널,유가증권시장
A003670,포스코퓨처엠,유가증권시장
A189690,포시에스,코스닥
A045020,포앤티,K-OTC
A318020,포인트모바일,코스닥
A256630,포인트엔지니어링,코스닥
A331380,포커스에이치엔에스,코스닥
A234100,폴라리스세원,코스닥
A041020,폴라리스오피스,코스닥
A114630,폴라리스우노,코스닥
A290720,푸드나무,코스닥
A005670,푸드웰,코스닥
A094940,푸른기술,코스닥
A007330,푸른저축은행,코스닥
A017810,풀무원,유가증권시장
A093380,풍강,코스닥
A023900,풍국주정,코스닥
A103140,풍산,유가증권시장
A005810,풍산홀딩스,유가증권시장
A371950,풍원정밀,코스닥
A370090,퓨런티어,코스닥
A445180,퓨릿,코스닥
A341170,퓨쳐메디신,코넥스
A220100,퓨쳐켐,코스닥
A035200,프럼파스트,코스닥
A334970,프레스티지바이오로직스,코스닥
A950210,프레스티지바이오파마,유가증권시장
A321260,프로이천,코스닥
A303360,프로테옴텍,코스닥
A053610,프로텍,코스닥
A377220,프롬바이오,코스닥
A335810,프리시젼바이오,코스닥
A053160,프리엠스,코스닥
A060910,프리젠,K-OTC
A405000,플라즈맵,코스닥
A041590,플래스크,코스닥
A367000,플래티어,코스닥
A075130,플랜티넷,코스닥
A222670,플럼라인생명과학,코넥스
A009810,플레이그램,유가증권시장
A237820,플레이디,코스닥
A023770,플레이위드,코스닥
A300080,플리토,코스닥
A150440,피노텍,코넥스
A032580,피델릭스,코스닥
A051380,피씨디렉트,코스닥
A241820,피씨엘,코스닥
A237750,피앤씨테크,코스닥
A319660,피에스케이,코스닥
A031980,피에스케이홀딩스,코스닥
A002230,피에스텍,코스닥
A057880,피에이치씨,코스닥
A043370,피에이치에이,코스닥
A239890,피엔에이치테크,코스닥
A347740,피엔케이피부임상연구센타,코스닥
A137400,피엔티,코스닥
A257370,피엔티엠에스,코스닥
A147760,피엠티,코스닥
A128660,피제이메탈,코스닥
A006140,피제이전자,코스닥
A084820,피케이밸브앤엔지니어링,K-OTC
A376180,피코그램,코스닥
A304840,피플바이오,코스닥
A062970,피피아이,코스닥
A087600,픽셀플러스,코스닥
A291810,핀텔,코스닥
A130480,핀플넷,K-OTC
A378340,필에너지,코스닥
A161580,필옵틱스,코스닥
A347770,핌스,코스닥
A163730,핑거,코스닥
A417180,핑거스토리,코스닥
A446750,하나26호스팩,코스닥
A448370,하나27호스팩,코스닥
A454750,하나28호스팩,코스닥
A454640,하나29호스팩,코스닥
A406760,하나금융21호스팩,코스닥
A418170,하나금융22호스팩,코스닥
A427950,하나금융23호스팩,코스닥
A430230,하나금융24호스팩,코스닥
A435620,하나금융25호스팩,코스닥
A086790,하나금융지주,유가증권시장
A299030,하나기술,코스닥
A067310,하나마이크론,코스닥
A372290,하나머스트7호스팩,코스닥
A166090,하나머티리얼즈,코스닥
A293480,하나제약,유가증권시장
A039130,하나투어,유가증권시장
A136480,하림,코스닥
A003380,하림지주,코스닥
A049130,하우리,K-OTC
A101670,하이드로리튬,코스닥
A365590,하이딥,코스닥
A149980,하이로닉,코스닥
A013030,하이록코리아,코스닥
A352820,하이브,유가증권시장
A126700,하이비젼시스템,코스닥
A106080,하이소닉,코스닥
A071090,하이스틸,유가증권시장
A377400,하이제6호스팩,코스닥
A400840,하이제7호스팩,코스닥
A450050,하이제8호스팩,코스닥
A221840,하이즈항공,코스닥
A106190,하이텍팜,코스닥
A030010,하이투자증권,K-OTC
A019490,하이트론,유가증권시장
A000080,하이트진로,유가증권시장
A000140,하이트진로홀딩스,유가증권시장
A373200,하인크코리아,코스닥
A066130,하츠,코스닥
A004590,한국가구,코스닥
A036460,한국가스공사,유가증권시장
A039340,한국경제TV,코스닥
A005430,한국공항,유가증권시장
A401120,한국금시장그룹,K-OTC
A071050,한국금융지주,유가증권시장
A034950,한국기업평가,코스닥
A010040,한국내화,유가증권시장
A025540,한국단자,유가증권시장
A222980,한국맥널티,코스닥
A010100,한국무브넥스,유가증권시장
A331660,한국미라클피플사,코넥스
A256840,한국비엔씨,코스닥
A004090,한국석유,유가증권시장
A025550,한국선재,코스닥
A002200,한국수출포장,유가증권시장
A002960,한국쉘석유,유가증권시장
A017890,한국알콜,코스닥
A000240,한국앤컴퍼니,유가증권시장
A054190,한국우사회,K-OTC
A080720,한국유니온제약,코스닥
A123890,한국자산신탁,유가증권시장
A015760,한국전력,유가증권시장
A063570,한국전자금융,코스닥
A041460,한국전자인증,코스닥
A006200,한국전자홀딩스,유가증권시장
A101680,한국정밀기계,코스닥
A039740,한국정보공학,코스닥
A053300,한국정보인증,코스닥
A025770,한국정보통신,코스닥
A436610,한국제11호스팩,코스닥
A458610,한국제12호스팩,코스닥
A027970,한국제지,유가증권시장
A023350,한국종합기술,유가증권시장
A025890,한국주강,유가증권시장
A000970,한국주철관,유가증권시장
A241140,한국지네틱바이오팜,K-OTC
A104700,한국철강,유가증권시장
A017960,한국카본,유가증권시장
A023760,한국캐피탈,코스닥
A054040,한국컴퓨터,코스닥
A161890,한국콜마,유가증권시장
A024720,한국콜마홀딩스,유가증권시장
A021650,한국큐빅,코스닥
A161390,한국타이어앤테크놀로지,유가증권시장
A053590,한국테크놀로지,코스닥
A034830,한국토지신탁,유가증권시장
A007280,한국특강,유가증권시장
A032300,한국파마,코스닥
A037230,한국팩키지,코스닥
A448900,한국피아이엠,코넥스
A047810,한국항공우주,유가증권시장
A123690,한국화장품,유가증권시장
A003350,한국화장품제조,유가증권시장
A030520,한글과컴퓨터,코스닥
A052600,한네트,코스닥
A011500,한농화성,유가증권시장
A002390,한독,유가증권시장
A256150,한독크린텍,코스닥
A092460,한라IMS,코스닥
A053690,한미글로벌,유가증권시장
A042700,한미반도체,유가증권시장
A008930,한미사이언스,유가증권시장
A128940,한미약품,유가증권시장
A047080,한빛소프트,코스닥
A009240,한샘,유가증권시장
A020000,한섬,유가증권시장
A003680,한성기업,유가증권시장
A066980,한성크린텍,코스닥
A105630,한세실업,유가증권시장
A069640,한세엠케이,유가증권시장
A016450,한세예스24홀딩스,유가증권시장
A010420,한솔PNS,유가증권시장
A009180,한솔로지스틱스,유가증권시장
A114810,한솔아이원스,코스닥
A070590,한솔인티큐브,코스닥
A213500,한솔제지,유가증권시장
A014680,한솔케미칼,유가증권시장
A004710,한솔테크닉스,유가증권시장
A004150,한솔홀딩스,유가증권시장
A025750,한솔홈데코,유가증권시장
A226440,한송네오텍,코스닥
A042520,한스바이오메드,코스닥
A004960,한신공영,유가증권시장
A011700,한신기계,유가증권시장
A430690,한싹,코스닥
A008690,한양,K-OTC
A078350,한양디지텍,코스닥
A045100,한양이엔지,코스닥
A001750,한양증권,유가증권시장
A018880,한온시스템,유가증권시장
A009420,한올바이오파마,유가증권시장
A014130,한익스프레스,유가증권시장
A024740,한일단조,코스닥
A005860,한일사료,코스닥
A300720,한일시멘트,유가증권시장
A123840,한일진공,코스닥
A002220,한일철강,유가증권시장
A006390,한일현대시멘트,유가증권시장
A003300,한일홀딩스,유가증권시장
A007770,한일화학,코스닥
A051600,한전KPS,유가증권시장
A052690,한전기술,유가증권시장
A130660,한전산업,유가증권시장
A198940,한주라이트메탈,코스닥
A107640,한중엔시에스,코넥스
A002320,한진,유가증권시장
A003480,한진중공업홀딩스,유가증권시장
A180640,한진칼,유가증권시장
A005110,한창,유가증권시장
A079170,한창산업,코스닥
A009460,한창제지,유가증권시장
A372910,한컴라이프케어,유가증권시장
A054920,한컴위드,코스닥
A002680,한탑,코스닥
A000880,한화,유가증권시장
A452260,한화갤러리아,유가증권시장
A088350,한화생명,유가증권시장
A000370,한화손해보험,유가증권시장
A009830,한화솔루션,유가증권시장
A272210,한화시스템,유가증권시장
A012450,한화에어로스페이스,유가증권시장
A042660,한화오션,유가증권시장
A003530,한화투자증권,유가증권시장
A386580,한화플러스제2호스팩,코스닥
A430460,한화플러스제3호스팩,코스닥
A455310,한화플러스제4호스팩,코스닥
A195870,해성디에스,유가증권시장
A034810,해성산업,코스닥
A076610,해성옵틱스,코스닥
A059270,해성티피씨,코스닥
A058480,해원에스티,K-OTC
A101530,해태제과식품,유가증권시장
A220180,핸디소프트,코스닥
A143210,핸즈코퍼레이션,유가증권시장
A900270,헝셩그룹,코스닥
A214180,헥토이노베이션,코스닥
A234340,헥토파이낸셜,코스닥
A084990,헬릭스미스,코스닥
A000720,현대건설,유가증권시장
A170030,현대공업,코스닥
A453340,현대그린푸드,유가증권시장
A086280,현대글로비스,유가증권시장
A064350,현대로템,유가증권시장
A079430,현대리바트,유가증권시장
A012330,현대모비스,유가증권시장
A319400,현대무벡스,코스닥
A010620,현대미포조선,유가증권시장
A048410,현대바이오,코스닥
A052260,현대바이오랜드,코스닥
A069960,현대백화점,유가증권시장
A004560,현대비앤지스틸,유가증권시장
A075120,현대아산,K-OTC
A004310,현대약품,유가증권시장
A041440,현대에버다임,코스닥
A039010,현대에이치티,코스닥
A017800,현대엘리베이,유가증권시장
A307950,현대오토에버,유가증권시장
A011210,현대위아,유가증권시장
A090850,현대이지웰,코스닥
A004020,현대제철,유가증권시장
A005440,현대지에프홀딩스,유가증권시장
A005380,현대차,유가증권시장
A001500,현대차증권,유가증권시장
A011760,현대코퍼레이션,유가증권시장
A227840,현대코퍼레이션홀딩스,유가증권시장
A126560,현대퓨처넷,유가증권시장
A001450,현대해상,유가증권시장
A057050,현대홈쇼핑,유가증권시장
A092300,현우산업,코스닥
A138360,협진,코스닥
A011080,형지I&C,코스닥
A093240,형지엘리트,유가증권시장
A003010,혜인,유가증권시장
A111110,호전실업,유가증권시장
A008770,호텔신라,유가증권시장
A060560,홈센타홀딩스,코스닥
A064240,홈캐스트,코스닥
A039610,화성밸브,코스닥
A002460,화성산업,유가증권시장
A378850,화승알앤에이,유가증권시장
A241590,화승엔터프라이즈,유가증권시장
A006060,화승인더,유가증권시장
A013520,화승코퍼레이션,유가증권시장
A010690,화신,유가증권시장
A126640,화신정공,코스닥
A133820,화인베스틸,유가증권시장
A127980,화인써키트,코스닥
A061250,화일약품,코스닥
A010660,화천기계,유가증권시장
A000850,화천기공,유가증권시장
A012670,환영철강공업,K-OTC
A016580,환인제약,유가증권시장
A032560,황금에스티,유가증권시장
A004800,효성,유가증권시장
A094280,효성ITX,유가증권시장
A097870,효성오앤비,코스닥
A298040,효성중공업,유가증권시장
A298050,효성첨단소재,유가증권시장
A298020,효성티앤씨,유가증권시장
A298000,효성화학,유가증권시장
A093370,후성,유가증권시장
A081660,휠라홀딩스,유가증권시장
A290270,휴네시온,코스닥
A005870,휴니드,유가증권시장
A353190,휴럼,코스닥
A192410,휴림네트웍스,코스닥
A090710,휴림로봇,코스닥
A078590,휴림에이텍,코스닥
A205470,휴마시스,코스닥
A115160,휴맥스,코스닥
A028080,휴맥스홀딩스,코스닥
A200670,휴메딕스,코스닥
A212310,휴벡셀,코넥스
A079980,휴비스,유가증권시장
A065510,휴비츠,코스닥
A215090,휴센텍,코스닥
A005010,휴스틸,유가증권시장
A263920,휴엠앤씨,코스닥
A243070,휴온스,코스닥
A084110,휴온스글로벌,코스닥
A145020,휴젤,코스닥
A024060,흥구석유,코스닥
A010240,흥국,코스닥
A189980,흥국에프엔비,코스닥
A000540,흥국화재,유가증권시장
A003280,흥아해운,유가증권시장
A037440,희림,코스닥
A238490,힘스,코스닥
